AreaInPixels,Perimeter,MajorAxis,MinorAxis,Eccentricity,ExtentRatio,Circularity,r_IntensityMean,r_IntensityMax,r_IntensityMin,r_IntensityStd,r_IntensityEntropy,r_IntensityEnergy,r_IntensitySkewness,r_IntensityKurtosis,r_GradientMean,r_GradientStd,r_GradientEntropy,r_GradientEnergy,r_GradientSkewness,r_GradientKurtosis,r_CannyNonZero,r_CannyMean,r_cytoIntensityMean,r_cytoIntensityMax,r_cytoIntensityMin,r_cytoIntensityStd,r_cytoIntensityEntropy,r_cytoIntensityEnergy,r_cytoIntensitySkewness,r_cytoIntensityKurtosis,r_cytoGradientMean,r_cytoGradientStd,r_cytoGradientEntropy,r_cytoGradientEnergy,r_cytoGradientSkewness,r_cytoGradientKurtosis,r_cytoCannyNonZero,r_cytoCannyMean,b_IntensityMean,b_IntensityMax,b_IntensityMin,b_IntensityStd,b_IntensityEntropy,b_IntensityEnergy,b_IntensitySkewness,b_IntensityKurtosis,b_GradientMean,b_GradientStd,b_GradientEntropy,b_GradientEnergy,b_GradientSkewness,b_GradientKurtosis,b_CannyNonZero,b_CannyMean,b_cytoIntensityMean,b_cytoIntensityMax,b_cytoIntensityMin,b_cytoIntensityStd,b_cytoIntensityEntropy,b_cytoIntensityEnergy,b_cytoIntensitySkewness,b_cytoIntensityKurtosis,b_cytoGradientMean,b_cytoGradientStd,b_cytoGradientEntropy,b_cytoGradientEnergy,b_cytoGradientSkewness,b_cytoGradientKurtosis,b_cytoCannyNonZero,b_cytoCannyMean,Polygon
1459,229.681,65.4358,44.1231,0.73846,0.41238,0.347547,120.541,255,27,37.7815,7.13274,0.00830514,0.471811,3.3241,23.9534,14.4427,5.68584,0.0228306,0.99317,3.98624,459,80.2228,194.708,255,89,37.8885,6.98982,0.00875592,-0.256015,2.02727,18.1101,13.4138,5.46194,0.0269934,1.01534,3.62826,385,71.5561,131.955,217,81,22.9897,6.45819,0.0133496,0.609372,3.42164,12.7498,8.29005,4.81651,0.0426466,1.53068,6.73172,392,68.5127,186.177,255,113,37.7777,6.98669,0.00857423,0.150871,1.8714,14.0459,9.62633,5.03505,0.0360341,1.15145,4.48841,418,77.6895,[24:0:22:2:21:2:19:4:18:4:17:5:16:5:15:6:14:6:12:8:12:9:8:13:6:13:5:14:1:14:0:15:0:17:3:17:4:16:13:16:14:17:16:17:17:18:19:18:21:20:21:24:24:27:24:30:23:31:23:32:22:33:22:34:21:35:21:46:22:47:22:48:23:49:23:50:24:51:24:52:28:56:29:56:30:57:34:57:35:56:38:56:40:54:40:53:41:52:40:51:40:49:38:47:38:43:37:42:37:40:36:39:36:34:37:33:37:22:38:21:38:20:42:16:43:17:53:17:58:12:58:2:60:0:54:0:54:2:52:4:50:4:48:2:48:0]
444,92.7696,31.6162,19.1087,0.796683,0.660714,0.648309,90.4662,168,29,25.8016,6.47711,0.0129758,0.343222,2.72023,23.0698,13.4193,5.48129,0.0264995,0.920069,3.79234,147,84.4257,193.801,255,95,26.9181,6.54826,0.0123433,-0.338205,2.72805,19.9722,13.7777,5.48287,0.0271638,1.14833,4.18633,197,77.643,115.919,196,82,21.2324,6.14397,0.016273,0.831885,3.45578,13.2658,7.51944,4.78238,0.0409869,0.80682,3.7356,131,75.2365,177.621,228,116,22.0509,6.27841,0.0146366,-0.158502,2.24735,12.8099,7.56156,4.75964,0.0428156,0.83866,3.32009,169,66.6074,[85:0:85:9:84:10:84:11:81:14:81:22:82:23:82:24:85:27:91:27:91:26:93:24:94:24:96:22:96:20:97:19:97:16:101:12:101:8:102:7:102:3:104:1:104:0:102:0:100:2:93:2:91:0]
358,124.569,41.4176,16.797,0.914072,0.497222,0.289919,125.075,236,54,31.0499,6.61549,0.011891,0.598491,3.22609,23.4162,13.6268,5.54157,0.0246091,0.651516,2.87624,121,86.1871,188.873,255,98,32.4553,6.86164,0.00981032,-0.294012,2.6675,17.1919,11.976,5.25985,0.0319901,1.33113,5.02159,208,82.1053,138.184,227,86,26.0969,6.42774,0.0132174,0.544941,2.87217,18.0028,10.033,5.17479,0.0313973,0.686621,3.03811,124,88.324,184.176,255,115,26.5374,6.56385,0.0125516,0.238571,2.89894,12.2415,7.18598,4.63703,0.0473214,1.65668,8.69238,181,71.4474,[210:0:208:2:207:2:207:3:206:4:206:5:205:6:205:8:206:9:206:10:207:10:208:11:209:11:210:12:212:12:213:13:215:13:216:14:217:14:218:15:226:15:229:12:229:11:230:10:230:9:232:7:233:7:235:5:236:5:239:2:244:2:245:1:247:1:248:0:249:0:234:0:226:8:225:8:224:9:222:9:220:7:220:4:224:0]
49,32.7279,13.2015,5.24695,0.917624,0.7,0.574869,122.755,176,98,17.4058,4.80839,0.0395669,1.12723,4.3066,20.0204,13.5458,4.80299,0.0395669,0.789739,2.75737,14,72.8571,190.485,251,115,34.5518,6.45278,0.0133618,0.0717232,2.03104,16.7792,10.7803,5.15195,0.0323645,0.735999,2.91118,73,80.5844,135.163,202,103,18.931,4.79298,0.0420658,1.01325,4.59487,17.2449,9.51161,4.62228,0.0462308,0.268806,2.3761,18,93.6735,189.143,248,127,31.74,6.32281,0.0145612,0.340814,2.10668,14.2338,8.94509,4.84519,0.040048,0.782341,3.36113,62,68.4416,[252:0:253:1:253:2:254:2:255:3:256:3:257:4:260:4:261:3:262:3:265:0]
79,45.5563,19.458,5.76203,0.955149,0.658333,0.478343,124.557,176,82,20.532,5.5567,0.0235539,0.307154,2.55937,17.8861,8.00789,4.55931,0.0501522,0.446673,3.11632,28,90.3797,169.157,252,45,37.8913,6.64126,0.0130571,-0.793287,3.69104,18.0854,12.8987,5.30229,0.0300781,1.01029,3.65375,82,74.4128,137.608,179,100,19.6723,5.42056,0.0261176,0.0925699,2.20873,16.8987,7.38729,4.51109,0.0482294,-0.193488,2.25357,30,96.8354,174.612,254,85,31.5849,6.37111,0.0152607,-0.475468,3.62014,14.6192,9.14732,4.92887,0.0382594,1.03938,4.03826,79,71.6904,[288:0:288:1:289:1:290:2:291:2:292:3:294:3:295:4:299:4:300:5:301:5:302:4:303:4:307:0]
48,29.3137,9.6103,6.99726,0.68547,0.761905,0.701955,100.604,147,45,26.331,5.22017,0.0295139,-0.0864519,2.14773,28.625,12.4794,4.9859,0.0338542,0.0933278,2.66825,15,79.6875,198.113,255,99,44.0591,6.54811,0.0131597,-0.508897,1.98078,16.6375,12.9614,5.21467,0.0321528,1.10852,3.91535,71,75.4375,123.521,173,85,24.5416,5.17851,0.030382,0.298879,1.97025,23.1667,10.6894,4.64705,0.0477431,0.0672624,2.01561,17,90.3125,201.504,255,114,37.8668,6.47571,0.0126736,-0.482492,2.01323,13.225,8.84257,4.77727,0.0441667,1.32911,4.74723,57,60.5625,[309:0:310:1:310:4:309:5:310:6:312:6:313:5:314:5:315:4:316:4:316:3:317:2:317:0]
190,59.4558,20.2127,13.4038,0.748498,0.753968,0.675421,123.279,212,69,32.9502,6.42093,0.0137396,0.587567,2.48553,20.5684,12.3025,5.32175,0.0280332,0.841874,3.52743,50,67.1053,180.012,255,104,32.0043,6.67945,0.0115314,0.0828504,2.74598,15.3018,10.6587,5.11626,0.0348808,1.19013,4.32458,133,78.1452,135.979,206,86,27.4297,6.21871,0.0158449,0.478123,2.63624,14.6737,8.35898,4.80551,0.0419391,0.783108,3.15601,43,57.7105,171.509,247,110,30.3144,6.55246,0.0121578,0.616679,2.84704,13.3018,7.61388,4.79245,0.041464,0.802044,3.38219,130,76.3825,[375:0:375:4:378:7:378:8:377:9:377:10:376:11:376:12:375:13:375:15:377:17:380:17:387:10:387:2:388:1:388:0]
1166,207.338,75.5158,23.7975,0.949048,0.408836,0.34084,116.172,243,39,34.6287,6.98995,0.00888672,0.326881,2.68721,20.7513,12.434,5.4813,0.02611,0.827017,3.39201,369,80.699,172.827,255,73,28.018,6.77639,0.0105194,-0.0629463,2.89901,18.493,11.5008,5.34942,0.0286247,0.998163,3.93652,450,84.5615,128.5,218,62,23.2618,6.49537,0.0125482,0.261626,2.89561,12.3516,7.66884,4.78146,0.042099,0.89512,3.61941,354,77.4185,158.906,248,101,22.0296,6.39511,0.0139374,0.590741,3.66806,11.9941,7.10817,4.69976,0.0444416,1.01193,4.47014,432,81.1791,[404:0:404:2:405:3:405:4:406:5:406:6:407:7:407:13:400:20:400:21:396:25:394:25:393:26:390:26:389:27:385:27:383:29:383:32:384:33:385:33:386:34:390:34:391:33:393:33:395:35:395:36:393:38:392:38:391:39:390:39:389:40:387:40:384:43:384:46:385:47:385:53:387:55:387:57:388:58:388:59:390:61:393:61:395:59:395:57:396:56:396:53:399:50:399:49:400:48:400:42:401:41:401:40:404:37:405:37:406:36:409:36:410:35:411:35:412:34:413:34:414:33:414:32:415:31:415:30:416:29:416:26:417:25:417:24:418:23:418:20:420:18:420:17:422:15:423:15:423:14:424:13:424:12:425:11:425:9:426:8:426:7:427:6:427:5:428:4:428:0]
163,91.2548,23.6925,17.6539,0.666923,0.456583,0.245972,121.387,210,60,27.8568,6.11753,0.0171252,0.456838,2.8792,25.9448,14.779,5.57085,0.0238248,0.667966,2.73928,50,78.2209,178.468,251,107,32.2755,6.79607,0.0100433,-0.00596773,2.17019,18.2298,11.0676,5.24375,0.0303786,0.835644,3.49847,165,87.1118,136.755,188,91,19.2743,5.84846,0.0204374,0.285028,2.97002,14.6503,8.65532,4.70119,0.046558,1.07298,3.75652,38,59.4479,167.412,237,99,31.5051,6.76321,0.0101805,-0.0821011,2.10654,13.6108,6.96231,4.74535,0.0412064,0.40901,2.69495,146,77.0807,[478:0:477:1:478:2:478:3:477:4:477:6:476:7:476:11:477:12:477:13:479:15:480:15:481:16:483:16:484:15:485:15:487:13:488:13:490:11:490:10:491:9:491:7:492:6:492:5:493:4:493:3:496:0:490:0:490:5:489:6:489:7:488:8:488:9:486:11:485:11:484:12:482:12:480:10:480:6:481:5:481:4:483:2:483:1:484:0]
469,103.74,38.8666,17.0684,0.898411,0.558333,0.547633,115.855,219,55,28.878,6.52483,0.013025,0.769079,4.00065,20.9467,11.4742,5.34725,0.0289097,0.895312,3.77026,137,74.4883,185.748,255,90,33.6829,6.93592,0.00914513,-0.130621,2.45865,19.7086,10.8979,5.3445,0.0281279,0.647191,3.04766,301,83.1582,129.237,200,93,20.9157,6.09511,0.0178532,0.87031,3.55418,13.452,8.07378,4.84579,0.0396843,0.891115,3.71366,117,63.6141,182.265,251,117,27.8816,6.71463,0.0109176,0.0607168,2.52509,14.2199,7.7668,4.84627,0.0404505,0.891549,3.76321,290,80.1192,[184:10:182:12:182:17:183:18:184:18:186:20:186:21:184:23:179:23:178:24:178:25:177:26:177:33:173:37:173:42:174:43:175:43:176:44:181:44:184:41:184:40:187:37:188:37:190:35:190:34:192:32:192:29:195:26:195:25:196:24:196:20:195:19:195:18:194:17:194:16:193:15:193:14:190:11:188:11:187:10]
2,4.82843,2.3094,1.1547,0.866025,1,1.07802,156,158,154,2,1,0.5,0,1,8.5,2.5,1,0.5,0,1,0,0,160.698,233,83,37.3627,6.5105,0.0125045,-0.213812,2.0477,18.7972,10.5576,5.1533,0.0323514,0.728418,3.16544,69,82.9953,150.5,152,149,1.5,1,0.5,0,1,8,1,1,0.5,0,1,1,127.5,153.142,205,105,24.6781,6.16803,0.0159754,0.135894,2.07865,12.3632,5.98309,4.42606,0.0531773,0.627533,3.36421,77,92.6179,[394:22:394:23]
234,61.1127,22.1635,14.066,0.772803,0.684211,0.787341,120.577,215,66,29.0206,6.3179,0.0151582,0.687641,3.36655,20.4145,12.3574,5.32826,0.0290744,0.802489,3.09299,67,73.0128,182.412,255,104,35.7314,6.9261,0.00924177,0.0842214,2.0993,16.8958,10.9832,5.26364,0.0296748,0.795535,3.42435,197,78.126,127.573,184,76,21.7451,6.01181,0.0188107,0.308813,2.65176,14.2051,7.65276,4.7686,0.0429907,0.781454,3.44892,64,69.7436,171.596,252,99,37.1203,6.76928,0.0105188,0.522879,2.37403,13.5412,8.90957,4.98614,0.0360649,0.777653,3.03199,186,73.7636,[473:23:469:27:468:27:466:29:465:29:462:32:462:37:463:38:464:38:465:39:470:39:471:40:474:40:476:38:476:34:480:30:480:25:478:23]
368,82.7696,30.2257,16.795,0.831415,0.681481,0.67502,79.5462,176,34,27.4226,6.43876,0.0132325,0.759782,3.21773,19.087,12.8766,5.33121,0.0301128,0.925658,3.20924,107,74.144,180.331,255,61,43.8196,7.11158,0.00820069,0.00808556,2.05296,24.072,15.6766,5.7214,0.022029,0.890071,3.34838,242,77.9167,106.609,177,69,17.8694,5.94455,0.0191989,0.587069,3.30185,10.6821,6.64222,4.53631,0.0503161,0.835082,3.35087,80,55.4348,170.573,255,102,37.973,6.96745,0.00900737,0.472234,2.16705,16.0606,9.69777,5.09366,0.034515,0.795049,2.94763,220,70.8333,[115:24:114:25:112:25:109:28:109:35:110:36:110:38:111:39:111:41:112:42:112:44:114:46:114:47:115:47:117:49:117:50:118:51:118:52:119:53:121:53:123:51:123:49:122:48:122:42:123:41:123:38:124:37:124:36:126:34:126:31:125:30:125:27:123:25:122:25:121:24]
209,63.9411,21.6046,14.0223,0.76075,0.622024,0.642385,127.507,199,63,32.2848,6.47778,0.0129805,0.319865,2.20546,23.201,14.0899,5.42268,0.0268996,1.01902,4.18405,60,73.2057,187.975,255,95,36.093,6.9203,0.00932387,-0.225359,2.37064,18.2215,12.1923,5.34136,0.0291155,1.28155,4.99553,224,89.1108,136.474,192,94,23.5671,6.10312,0.0165518,0.619506,2.77347,15.0191,10.6313,4.9405,0.0409102,1.59922,5.99222,62,75.6459,179.727,255,104,33.2,6.82123,0.00996152,0.311967,2.18959,13.0811,8.62675,4.79857,0.0441855,1.57305,6.28524,185,73.5959,[229:35:228:36:228:37:227:38:227:39:226:40:226:41:227:42:227:45:228:46:228:47:230:49:231:49:232:50:233:50:235:48:235:47:238:44:240:44:242:46:245:46:245:45:246:44:246:41:244:39:243:39:242:38:239:38:238:37:236:37:235:36:233:36:232:35]
2016,200.51,70.6475,39.0376,0.833467,0.614072,0.630129,128.305,254,53,34.7228,7.02776,0.0090762,0.679315,3.37388,20.8576,11.917,5.46214,0.0265633,0.947794,4.05249,646,81.7113,175.389,239,111,23.0788,6.49968,0.0127892,0.092255,2.65927,16.3979,10.105,5.17253,0.0325351,1.05589,4.34518,533,82.5729,138.634,239,84,24.712,6.54556,0.0124677,0.671654,3.39075,12.9157,7.37406,4.78787,0.0418118,0.814874,3.5184,630,79.6875,161.31,231,112,19.046,6.22944,0.0153434,0.321043,2.96635,11.5516,6.82346,4.66534,0.0456447,0.916748,3.8992,538,83.3475,[345:40:344:41:341:41:340:42:338:42:336:44:335:44:333:46:332:46:330:48:329:48:329:49:328:50:328:51:327:52:327:53:326:54:326:57:325:58:325:61:324:62:324:66:325:67:325:71:326:72:326:73:327:74:327:75:328:75:330:77:331:77:333:79:334:79:335:80:337:80:338:79:339:79:340:78:342:78:344:80:344:100:345:101:345:102:346:103:346:104:347:104:348:105:349:105:350:106:353:106:354:105:357:105:358:104:360:104:361:103:362:103:368:97:368:96:369:95:369:94:370:93:370:92:371:91:371:89:372:88:372:84:371:83:371:75:370:74:370:68:366:64:365:64:362:61:361:61:359:59:358:59:355:56:355:52:356:51:356:46:355:45:355:44:352:41:350:41:349:40]
171,50.8701,18.4857,12.0148,0.759978,0.718487,0.830389,122.982,203,64,26.2991,6.17326,0.0165179,0.330216,3.0787,21.1345,11.7503,5.12751,0.033412,0.928082,3.74905,60,89.4737,167.959,251,79,29.7665,6.73867,0.0110878,-0.0688124,2.91022,22.0872,13.1385,5.50182,0.0256962,0.89015,3.56195,203,92.1085,138.895,189,94,17.4902,5.7642,0.0209637,0.165408,2.87942,12.9942,7.69179,4.71119,0.0445607,0.719481,2.92046,55,82.0175,162.774,233,109,23.2443,6.41712,0.013361,0.34855,2.75443,15.6281,8.61135,4.9851,0.0363661,0.723254,3.06523,187,84.8488,[80:41:79:42:78:42:76:44:76:48:75:49:75:54:78:57:80:57:85:52:85:51:86:50:86:49:87:48:87:47:88:46:88:44:87:43:87:42:86:41]
409,115.64,31.4121,22.536,0.696628,0.573633,0.384344,126.056,223,52,28.0751,6.49651,0.0130499,0.47326,3.61582,19.6504,11.6645,5.30251,0.0299556,1.1321,4.50848,113,70.4523,171.534,254,96,26.541,6.62308,0.0116983,-0.0899798,2.74856,16.6916,9.26837,5.1196,0.032242,0.636022,3.11416,313,86.6612,136.472,187,92,17.4209,5.96296,0.0188246,0.0488954,2.76434,11.5403,6.55568,4.55703,0.0489894,0.977486,4.46336,111,69.2054,165.823,240,112,21.9361,6.37944,0.0134408,0.149843,2.66782,11.9859,6.71434,4.62676,0.0471434,1.0416,4.69567,298,82.5081,[285:43:284:44:283:44:280:47:280:48:278:50:278:52:277:53:277:54:276:55:276:67:277:68:277:69:280:72:281:72:282:73:285:73:286:72:287:72:288:71:289:71:291:69:291:68:292:67:292:65:293:64:293:63:295:61:296:61:296:60:297:59:297:57:298:56:298:53:297:53:296:52:295:52:294:53:293:53:286:60:283:60:281:58:281:55:285:51:286:51:290:47:290:44:289:43]
988,121.397,40.0313,31.9697,0.601839,0.767677,0.842464,115.285,255,38,33.1856,6.77102,0.0113795,1.16055,5.39774,19.497,12.3556,5.40776,0.028254,1.11588,4.28921,271,69.9443,196.973,255,89,30.9118,6.77705,0.010732,-0.602656,2.91269,16.3907,11.9069,5.26793,0.0313925,1.20424,4.43545,322,75.1235,126.936,219,79,23.8737,6.3339,0.0149875,1.14338,4.51004,12.7844,8.07399,4.83902,0.0411927,0.941692,3.5398,250,64.5243,189.424,255,105,28.9678,6.7807,0.010419,-0.248736,2.55319,12.8326,8.13149,4.83045,0.0419111,1.01016,3.7271,300,69.9909,[195:56:192:59:192:60:191:61:191:62:190:63:190:64:189:65:189:73:188:74:188:77:189:78:189:84:190:85:190:86:195:91:195:92:197:94:199:94:200:93:206:93:207:92:212:92:213:91:215:91:216:90:217:90:220:87:220:85:219:84:219:81:220:80:220:72:218:70:218:69:217:69:205:57:204:57:203:56]
532,90.4264,28.5066,24.2644,0.524863,0.786982,0.817581,126.182,218,55,30.0203,6.74584,0.0107411,0.121603,2.79589,22.1034,13.4329,5.51945,0.0259413,0.942304,3.87809,162,77.6504,193.849,255,64,34.5897,6.83937,0.010383,-0.95292,4.38603,18.1192,13.098,5.37304,0.0298279,1.35214,5.03049,265,78.9428,135.852,182,84,18.6245,6.12813,0.0159986,-0.0326516,2.45343,11.8665,7.38591,4.65167,0.0473246,1.33875,5.5345,154,73.8158,182.537,246,110,29.6546,6.79402,0.0103311,-0.213807,2.62862,12.507,7.59103,4.74011,0.0447419,1.0385,3.89573,227,67.6227,[115:57:110:62:110:67:111:68:111:69:114:72:114:74:113:75:113:77:116:80:121:80:123:82:127:82:129:80:132:80:135:77:135:64:134:63:134:62:133:61:132:61:130:59:129:59:128:58:125:58:124:59:122:59:121:58:119:58:118:57]
847,136.853,56.4419,20.1737,0.933942,0.503268,0.568311,137.336,247,54,34.9159,6.97941,0.00924856,0.420136,2.90621,22.9044,12.4683,5.50638,0.0254652,0.810032,3.46952,254,76.4699,198.231,255,98,33.478,6.86763,0.00959195,-0.457602,2.47814,16.339,12.0147,5.26873,0.0316111,1.2292,4.50873,376,80.8432,146.851,232,89,24.3061,6.49221,0.0130288,0.510428,2.9849,14.6446,8.65091,4.95056,0.037924,0.973086,4.01001,256,77.072,191.164,255,116,31.6301,6.83594,0.00957346,-0.0375903,2.11265,11.9047,7.95742,4.76123,0.0446482,1.12762,3.99925,337,72.4578,[22:62:18:66:18:68:17:69:17:71:18:72:18:75:19:76:19:77:21:79:21:80:23:82:23:83:27:87:27:88:29:90:29:92:30:93:30:94:31:95:31:96:33:98:33:99:35:101:35:102:36:103:36:104:37:105:37:106:43:112:44:112:45:111:46:111:48:109:48:108:49:107:49:105:48:104:48:102:47:101:47:100:45:98:45:95:44:94:44:92:45:91:45:86:46:85:46:84:45:83:45:81:42:78:42:75:37:70:36:70:34:68:34:67:30:63:29:63:28:62]
618,107.64,38.7882,22.0598,0.822528,0.550802,0.670277,123.788,233,67,26.4825,6.50031,0.0129764,0.591555,3.81467,18.5178,11.1069,5.28916,0.0299327,0.995951,4.10716,204,84.1748,183.213,255,99,32.8115,6.90961,0.0094599,0.0294889,2.49225,15.4476,9.71889,5.08505,0.0353486,1.24248,5.01924,290,75.2289,132.576,189,84,19.917,6.22738,0.0152334,0.200376,2.6098,12.7087,6.40812,4.62789,0.0463548,0.525067,2.90289,187,77.1602,175.523,254,112,30.075,6.76124,0.0106707,0.458662,2.57426,11.5666,6.84009,4.62386,0.0477942,0.972022,3.73422,270,70.0407,[272:79:271:80:270:80:268:82:267:82:266:83:266:84:265:85:265:86:264:87:264:94:263:95:263:96:260:99:260:100:256:104:256:105:255:106:255:109:257:111:260:111:261:112:267:112:268:111:269:111:271:109:272:109:276:105:276:104:281:99:281:98:284:95:285:95:287:93:287:90:286:89:283:89:278:84:278:81:276:79]
1291,190.894,52.8568,35.1072,0.747559,0.585488,0.445194,121.13,227,36,35.2987,7.05635,0.00867172,0.374249,2.73041,23.3308,12.8339,5.57417,0.0241156,0.812606,3.64895,422,83.354,181.717,255,73,37.1097,7.07179,0.00843177,-0.0645963,2.53262,20.0952,12.9216,5.50031,0.0262131,1.09713,4.19922,473,81.9952,132.871,202,75,23.6274,6.51227,0.0125081,0.271824,2.60877,14.3672,7.80147,4.86918,0.0399962,0.866065,3.8473,394,77.8234,174.56,255,102,32.6429,6.88822,0.00958527,0.423369,2.43148,14.6098,8.54277,4.99752,0.035992,0.783114,3.41558,414,71.7675,[103:90:102:91:101:91:100:92:100:94:101:95:101:98:99:100:99:105:97:107:96:107:93:104:93:103:92:102:92:101:89:98:87:98:84:101:84:102:83:103:83:104:82:105:82:107:81:108:81:109:79:111:78:111:73:116:73:123:74:124:74:127:75:128:75:129:77:131:78:131:80:133:82:133:83:134:92:134:93:133:94:133:94:132:96:130:97:130:100:127:100:126:101:125:101:124:104:121:106:121:112:127:114:127:114:126:117:123:118:123:120:121:121:121:121:115:116:120:114:118:115:117:115:114:116:113:116:111:117:110:117:106:116:105:116:104:115:103:115:102:113:100:113:99:112:98:112:96:110:94:110:93:107:90]
225,62.8701,21.2142,14.3237,0.73764,0.698758,0.715327,104.147,185,49,23.0264,6.08908,0.0176395,0.259144,3.24386,17.2622,9.811,5.06576,0.0347852,0.657984,2.79609,63,71.4,181.817,255,92,33.5944,6.89452,0.00956754,-0.177951,2.62156,17.4457,10.4914,5.23098,0.0314031,0.849676,3.40285,211,83.5481,122.693,159,81,16.3677,5.83231,0.0201679,0.0824404,2.54738,11.3689,5.92486,4.45068,0.0531161,0.520438,2.81174,65,73.6667,169.767,241,103,29.5834,6.72835,0.0106911,0.187671,2.26471,13.3028,8.41231,4.90239,0.0386848,0.904669,3.48718,185,73.2531,[393:93:392:94:392:95:391:96:391:99:390:100:390:105:389:106:389:113:391:115:394:115:395:114:397:114:399:112:400:112:401:111:401:109:402:108:402:102:401:101:401:100:400:99:399:99:398:98:396:98:394:96:394:94]
1162,162.368,44.2132,37.6,0.526098,0.674797,0.553882,136.77,227,50,27.9664,6.72505,0.0109669,0.130762,2.98571,17.5215,9.34508,5.13691,0.0327659,0.723379,3.27145,386,84.7074,175.862,255,102,27.9251,6.7455,0.0110075,0.223792,2.80435,16.0481,9.19749,5.06922,0.0350469,1.01393,4.34612,448,87.2061,147.358,221,93,23.2147,6.46947,0.0129236,0.294004,2.70127,13.5688,7.30401,4.79088,0.0411674,0.687175,3.2099,389,85.3657,165.949,238,108,24.1786,6.53493,0.0123839,0.407888,2.78499,11.9969,6.42942,4.60373,0.0474075,0.771323,3.38431,412,80.1985,[293:102:292:103:291:103:290:104:289:104:286:107:286:108:285:109:285:115:286:116:286:120:282:124:282:125:281:126:281:130:280:131:280:132:281:133:281:135:282:136:282:138:283:139:283:140:285:142:295:142:296:143:299:143:303:139:303:138:304:137:304:135:305:134:305:133:306:132:306:128:307:127:307:125:309:123:311:123:314:126:314:129:313:130:313:132:314:133:314:134:315:135:317:135:319:133:319:132:320:131:320:118:319:117:319:116:316:113:316:112:315:111:314:111:310:107:309:107:308:106:306:106:305:105:303:105:302:104:299:104:298:103:297:103:296:102]
1303,157.338,50.9786,34.241,0.740847,0.571491,0.661434,124.815,255,41,35.5612,6.99812,0.0095741,0.753497,3.4759,21.6969,13.4621,5.56885,0.0248291,1.00428,3.94348,409,80.0422,187.873,255,71,33.3574,6.9681,0.00898817,-0.289714,2.83828,18.0468,11.3834,5.34234,0.0287573,1.00555,3.94464,387,73.3172,134.971,218,69,24.2855,6.48908,0.0131717,0.69504,3.24713,13.8434,8.25319,4.90436,0.0387541,0.971672,4.14907,397,77.6938,180.192,250,100,30.1852,6.83758,0.00988456,-0.0145928,2.45321,13.4695,8.68763,4.91394,0.0394676,1.14627,4.53963,358,67.8232,[124:115:124:121:121:124:120:124:118:126:117:126:117:128:116:129:118:131:118:132:125:139:125:140:128:143:128:144:129:145:130:145:137:152:138:152:140:154:146:154:148:152:149:152:150:151:152:151:153:150:154:150:165:139:166:139:169:136:170:136:171:135:171:134:172:133:172:132:171:132:170:131:168:131:167:132:163:132:161:130:161:129:160:128:160:127:159:126:159:125:157:123:156:123:154:121:147:121:146:120:140:120:138:118:137:118:136:117:135:117:134:116:128:116:127:115]
778,120.125,43.4081,23.8516,0.835511,0.568713,0.677522,95.0643,181,41,25.9877,6.51964,0.0128105,0.752598,3.28341,14.0643,10.893,4.97434,0.0399548,2.08638,9.05285,242,79.3188,171.329,255,74,31.4885,6.90955,0.00979645,-0.183986,3.05102,18.2058,11.1627,5.27278,0.0311955,1.32872,5.66092,355,84.6819,109.928,194,68,18.9172,6.09399,0.0171556,0.858216,3.9212,9.55784,7.25747,4.35065,0.0631869,2.21988,9.26527,236,77.3522,155.416,237,94,23.7774,6.48278,0.0131707,0.343373,3.12488,11.7371,7.31307,4.67856,0.046287,1.34308,6.02894,322,76.8101,[353:121:352:122:348:122:343:127:343:128:342:129:342:130:340:132:340:133:339:134:339:135:338:136:338:137:337:138:337:141:336:142:336:146:330:152:329:152:328:153:331:156:337:156:338:155:339:155:340:154:341:154:342:153:343:153:344:154:349:154:350:153:351:153:361:143:361:142:362:141:362:139:363:138:363:136:364:135:364:133:365:132:365:130:361:126:361:124:359:122:358:122:357:121]
288,66.0416,22.3309,16.725,0.662616,0.8,0.829787,65.5938,159,21,25.1364,6.26451,0.0152392,0.399251,2.81168,19.3889,17.2037,5.33856,0.0317322,1.70091,5.52957,79,69.9479,199.495,255,103,38.4596,6.78179,0.0106433,-0.36386,2.02522,22.4406,16.839,5.69336,0.0228777,1.15706,4.21664,159,81.5795,97.1111,197,59,24.3112,6.08683,0.0174817,1.24443,5.54745,12.8403,10.2576,4.75181,0.0489487,1.36906,3.8534,71,62.8646,188.421,251,110,36.3348,6.71549,0.0109267,0.103861,1.89803,14.5473,10.0092,5.02826,0.0364886,0.904089,3.65851,142,72.8571,[8:131:6:133:6:134:4:136:1:136:0:137:0:148:1:148:3:150:11:150:12:149:13:149:14:148:14:145:15:144:15:143:17:141:17:135:16:134:16:133:14:131]
712,179.823,83.2485,14.1642,0.985419,0.238207,0.276693,128.987,228,53,27.6932,6.61667,0.0126405,0.391501,3.76305,19.3778,11.5175,5.32913,0.029021,1.14953,5.03438,224,80.2247,171.885,255,71,32.9052,6.9502,0.00964572,0.00659472,3.12735,18.6964,12.7254,5.41955,0.0286299,1.24626,4.6556,495,84.6012,137.223,190,96,18.1759,6.10985,0.0168145,0.408333,2.86631,10.7556,7.13075,4.57374,0.0511418,1.3814,5.64919,228,81.6573,153.551,255,82,28.1725,6.67199,0.0119646,0.814241,4.28949,12.2808,9.16344,4.83492,0.0441802,1.8186,7.69285,458,78.2775,[480:133:479:134:478:134:477:135:476:135:475:136:475:137:472:140:472:142:467:147:467:148:463:152:463:154:462:155:462:157:461:158:461:161:460:162:460:164:459:165:459:168:458:169:458:171:457:172:457:175:453:179:447:179:446:178:445:178:444:179:443:179:443:180:442:181:442:185:441:186:441:187:440:188:440:189:439:190:439:192:440:193:441:193:442:192:443:192:446:189:447:189:448:188:449:188:450:187:451:187:453:185:454:185:455:184:457:184:459:182:460:182:464:178:464:176:465:175:465:172:466:171:466:168:467:167:467:166:468:165:468:164:469:163:469:162:471:160:471:159:472:158:472:157:474:155:474:154:479:149:479:147:481:145:482:145:485:142:485:140:486:139:486:137:487:136:487:134:486:133]
129,74.9117,35.9397,5.04339,0.990105,0.227513,0.288869,111.101,194,61,26.6076,5.87046,0.0200108,0.83569,3.67192,30.4419,19.2237,5.68559,0.0225347,0.712349,2.48829,29,57.3256,195.005,255,104,43.4074,6.83979,0.0109883,-0.247631,1.67776,20.8602,15.699,5.63802,0.024078,0.913928,3.09644,190,80.6156,123.031,223,82,29.5357,5.90732,0.0194099,1.42766,4.78123,26.2248,18.0972,5.40367,0.0267412,0.67568,2.18585,38,75.1163,183.441,254,93,44.9441,6.83957,0.0104014,0.0724005,1.63285,12.7088,10.5832,4.93849,0.0419573,1.52809,5.45653,169,71.7055,[499:135:498:136:497:136:492:141:491:141:491:142:489:144:489:145:485:149:485:150:481:154:481:155:480:156:480:158:479:159:479:161:481:161:481:160:482:159:482:158:486:154:486:153:488:151:488:150:491:147:492:147:494:145:494:144:496:142:497:142:497:140:499:138]
644,158.024,57.2616,19.7032,0.938936,0.384707,0.324076,122.483,206,28,32.844,6.87231,0.0100257,-0.154358,2.89688,21.5885,12.8078,5.47812,0.026166,1.0775,4.5758,198,78.4006,190.958,255,97,37.7011,7.0272,0.00853259,-0.290938,2.07632,17.4307,13.4203,5.42493,0.0289621,1.36891,5.17552,407,77.7416,134.199,206,67,22.5777,6.37419,0.0139125,-0.182459,3.05592,13.1258,8.67931,4.87208,0.0407006,1.28069,5.08796,174,68.8975,187.416,251,103,34.7959,6.91283,0.00908247,-0.124444,1.92109,13.036,9.91833,4.99174,0.0390316,1.33073,4.61921,376,71.8202,[38:148:37:149:36:149:36:151:38:153:39:153:40:154:42:154:43:155:44:155:47:158:48:158:51:161:51:162:52:163:52:167:51:168:51:169:50:170:50:173:49:174:49:176:47:178:47:179:46:180:46:181:45:182:45:186:46:187:52:187:54:189:55:189:58:192:58:194:54:198:54:200:58:200:59:201:60:201:61:200:62:200:64:198:64:197:65:196:65:188:66:187:66:185:65:184:65:183:64:182:64:172:61:169:61:167:59:165:59:163:54:158:54:157:51:154:50:154:49:153:48:153:47:152:45:152:42:149:41:149:40:148]
196,57.4558,23.0904,10.9232,0.881028,0.742424,0.746101,137.974,192,89,23.9241,6.16603,0.0161912,0.0641615,2.23727,15.9184,9.22527,4.93604,0.03712,0.63524,2.94948,66,85.8673,165.663,246,99,27.2057,6.52628,0.0127156,0.603481,3.16455,15.8494,9.06226,5.01975,0.034986,0.863037,3.99296,195,81.383,142.908,196,106,20.5183,5.82213,0.0208247,0.118336,2.09704,12.3265,6.94332,4.60693,0.0462307,0.667949,2.97929,67,87.1684,158.241,237,112,22.7491,6.2989,0.0152121,0.807639,3.47702,11.7169,6.8627,4.62665,0.0473132,0.905292,3.58899,191,79.7136,[189:152:188:153:187:153:186:154:184:154:181:157:181:161:183:163:189:163:190:162:192:162:193:161:195:161:196:160:197:160:198:159:199:159:201:157:201:156:202:155:202:154:200:152]
1316,199.037,56.7366,32.684,0.817403,0.602564,0.417446,130.32,243,45,34.1638,6.99664,0.00952967,0.357998,3.31095,20.9164,12.2015,5.49525,0.0254836,0.835522,3.69732,407,78.864,172.392,255,42,48.1536,7.3511,0.00718128,-0.684865,2.85237,19.744,13.8613,5.54217,0.0254422,1.28579,5.1384,490,83.7467,135.931,217,77,25.1252,6.57466,0.0122435,0.452181,2.87656,13.1345,7.71102,4.82112,0.0408475,0.8727,3.68851,387,74.9886,163.353,254,68,39.638,7.13886,0.00833489,0.253344,2.70345,14.0034,9.88211,5.05453,0.0364796,1.33084,4.96468,467,79.8157,[325:155:321:159:321:160:319:162:319:163:313:169:313:170:310:173:310:174:309:175:309:176:308:177:308:178:305:181:305:183:304:184:304:188:305:189:305:190:306:191:306:192:307:193:307:203:308:204:308:206:310:208:311:208:312:209:314:209:315:210:316:209:320:209:321:210:325:210:325:209:327:207:327:206:328:205:328:204:335:197:336:197:337:196:338:196:341:193:339:191:335:191:334:192:333:192:332:193:332:194:330:196:329:196:328:197:325:197:323:195:327:191:327:190:338:179:338:178:340:176:340:175:341:174:341:173:342:172:342:168:341:167:340:168:339:168:337:170:336:170:335:171:333:169:333:166:334:165:334:159:331:159:327:155]
937,159.983,58.5529,24.7272,0.906453,0.550852,0.460048,114.667,228,32,32.2692,6.87227,0.0097737,0.356587,2.7181,21.9306,12.1843,5.47019,0.0260157,0.840125,4.05546,276,75.1121,202.738,255,127,33.9033,6.70853,0.0112287,-0.218926,1.7838,15.6032,11.9396,5.22119,0.0318222,1.3644,5.38696,255,80.377,126.554,185,81,20.2441,6.26536,0.0148559,0.328576,2.56929,12.4931,6.92853,4.6443,0.0470393,1.15119,5.40334,274,74.5678,199.433,254,116,31.8737,6.53882,0.0128361,0.0256703,1.67371,10.9728,8.10556,4.77145,0.0432908,1.1782,4.45281,213,67.1384,[0:161:0:223:1:223:2:222:3:222:5:220:5:219:6:218:6:215:9:212:9:211:10:210:10:208:14:204:15:204:16:203:18:203:19:202:21:202:23:200:23:199:25:197:25:196:26:195:26:194:25:193:23:193:21:191:20:191:16:187:16:186:15:185:15:182:16:181:16:178:17:177:17:171:14:168:11:168:10:167:9:167:3:161]
853,131.882,44.9408,27.2421,0.795329,0.655146,0.616292,133.695,233,48,30.2644,6.7454,0.0112024,0.547432,3.5318,18.7925,10.7037,5.31326,0.0282611,0.651561,3.17466,268,80.1172,178.539,255,96,32.716,6.9235,0.00932806,0.0964433,2.27813,17.427,10.6414,5.25172,0.0302581,0.858885,3.56168,389,85.7347,140.21,217,90,20.6432,6.21719,0.0162766,0.684594,3.65303,11.2509,6.24437,4.5483,0.0489645,0.846145,3.8662,238,71.1489,171.083,237,107,28.4924,6.72335,0.0106832,0.299056,2.41945,11.1262,6.97059,4.55836,0.0516723,1.43043,5.66585,341,75.1556,[106:169:105:170:104:170:103:171:102:171:99:174:99:176:98:177:98:186:99:187:99:189:102:192:102:193:104:195:105:195:108:198:111:198:112:199:115:199:116:198:117:198:117:197:119:195:119:194:123:190:128:190:132:194:132:195:134:197:135:197:136:196:137:196:138:195:138:194:139:193:139:185:138:184:138:183:137:182:134:182:133:181:129:181:128:180:127:180:125:178:125:177:123:175:122:175:120:173:119:173:117:171:116:171:115:170:114:170:113:169]
1873,343.22,65.4926,56.8546,0.496377,0.445952,0.199803,129.05,247,55,35.5601,7.05256,0.00865676,0.559066,2.85297,22.039,12.6308,5.55999,0.0242189,0.789968,3.55366,614,83.5932,178.377,255,64,33.843,7.02324,0.00853713,-0.0635404,2.49288,19.1318,12.3377,5.47895,0.0257837,0.911888,3.73903,786,80.0439,139.385,213,73,26.2403,6.67227,0.0111082,0.344512,2.60984,14.2082,8.03977,4.91016,0.0384533,0.837349,3.54423,569,77.4666,169.813,247,86,28.4453,6.7538,0.0104497,0.374377,2.64255,12.8762,7.56858,4.82885,0.0402028,0.783756,3.39155,734,74.7484,[172:172:171:173:171:175:172:176:172:178:173:179:173:183:175:185:175:187:176:188:176:189:177:190:177:200:178:201:178:202:179:203:179:205:177:207:174:207:173:208:172:208:172:209:166:215:166:216:164:218:164:219:163:220:163:221:162:222:162:223:160:225:160:227:161:228:161:230:162:231:162:232:164:234:166:234:167:233:168:233:171:230:172:230:174:228:174:220:172:218:176:214:177:214:179:216:179:217:180:218:184:218:185:217:191:217:192:216:195:216:196:217:197:217:198:218:199:218:201:220:201:222:200:223:200:225:199:226:199:227:195:231:194:231:192:233:190:233:188:231:188:227:186:227:185:228:185:233:184:234:184:235:181:238:181:241:185:241:186:240:187:240:188:239:189:239:190:238:194:238:195:237:200:237:201:238:209:238:210:237:211:237:219:229:219:219:218:218:218:216:212:210:209:210:208:209:207:209:202:204:202:199:203:198:203:197:208:192:210:192:211:191:214:191:215:190:215:189:214:188:212:188:211:187:209:187:208:186:202:186:201:187:199:187:198:188:191:188:190:187:184:187:183:188:180:188:177:185:177:184:176:183:176:175:175:174:175:173:174:172]
1307,145.196,51.5404,33.1183,0.766227,0.676501,0.77907,122.063,255,33,49.2088,7.33612,0.00729109,0.841101,2.95712,24.7093,14.6046,5.74255,0.0214846,0.814333,3.50952,368,71.798,180.536,255,99,30.8948,6.85215,0.0100198,0.22366,2.64859,19.562,12.5549,5.42955,0.0276671,1.22874,5.17176,423,86.223,132.271,251,74,35.7475,6.87868,0.0105845,1.02959,3.50387,15.4966,9.14989,5.07389,0.0341806,0.801971,3.34473,351,68.4813,161.871,239,91,27.5318,6.62494,0.0121936,0.629294,2.97532,12.2878,7.32834,4.73296,0.0442562,1.01268,4.19537,394,80.3118,[259:178:258:179:255:179:254:180:253:180:250:183:249:183:246:186:245:186:242:189:242:190:241:191:241:194:240:195:240:196:239:197:239:209:240:210:240:211:241:212:241:214:242:215:242:216:244:218:245:218:246:219:251:219:252:218:253:218:255:216:257:216:258:215:259:215:261:213:262:213:264:211:265:211:269:207:269:205:271:203:272:203:273:202:275:202:276:201:277:201:277:200:284:193:284:188:283:187:283:186:280:183:279:183:278:182:277:182:276:181:275:181:274:180:273:180:272:179:270:179:269:178:263:178:262:179:261:179:260:178]
229,58.8701,20.423,14.5388,0.702296,0.763333,0.830341,76.1572,154,18,29.2502,6.31393,0.0153124,0.620008,2.7076,27.1354,20.4274,5.71349,0.0231689,1.21203,3.8519,75,83.5153,207.927,255,93,40.7891,6.54063,0.0143818,-0.98371,2.6551,17.1686,17.2462,5.35556,0.0354068,1.57907,5.25623,171,70.6726,107.913,178,69,25.2165,6.02782,0.0183254,0.997199,3.18605,15.7729,12.298,5.08878,0.0371274,0.790634,2.60509,67,74.607,194.885,254,94,42.5285,6.64934,0.0153748,-0.701992,2.09261,12.295,8.65813,4.90592,0.0386588,0.834604,3.16086,134,55.3809,[356:183:355:184:354:184:354:185:353:186:353:192:351:194:351:197:352:198:352:199:355:202:358:202:359:201:360:201:362:199:363:199:364:198:364:197:365:196:365:189:364:188:364:187:363:186:363:185:362:184:361:184:360:183]
1395,188.409,69.6567,27.8074,0.916861,0.45,0.493833,128.264,255,27,45.183,7.39284,0.00670032,0.147637,2.42566,23.4473,15.7425,5.7331,0.0225552,1.16705,4.37769,414,75.6774,185.885,255,43,49.0148,7.25938,0.0077486,-0.613174,2.69321,17.8921,14.4383,5.4898,0.027297,1.40579,5.23693,439,72.3159,137.446,224,63,30.6327,6.88064,0.00956668,0.107882,2.4841,15.1111,9.91345,5.08691,0.0354379,1.3171,5.26285,392,71.6559,181.169,254,76,44.0436,7.12005,0.00834869,-0.0703661,1.93063,12.6156,9.70676,4.94861,0.0396836,1.26563,4.33148,418,68.8566,[305:204:303:206:303:208:302:209:302:210:299:213:298:213:298:216:299:217:299:220:297:222:291:222:290:223:289:223:288:224:287:224:285:226:284:226:283:227:279:227:278:226:277:227:275:227:264:238:264:239:263:240:263:242:264:243:264:244:267:247:267:249:268:250:268:252:269:253:274:253:275:252:277:252:278:251:280:251:281:250:284:250:285:249:286:249:288:247:289:247:290:246:291:246:292:245:293:245:294:244:295:244:297:242:298:242:299:241:302:241:303:240:307:240:308:239:312:239:313:238:313:237:316:234:316:226:317:225:317:224:318:223:318:222:319:221:319:220:323:216:323:215:324:214:324:213:321:213:320:212:316:212:315:213:314:212:312:212:311:211:310:211:305:206]
567,113.64,47.0589,17.2315,0.930548,0.463235,0.551739,115.822,183,45,26.0351,6.51791,0.0126443,-0.0107655,2.44742,18.8607,11.4499,5.2524,0.0322157,1.26995,5.24012,185,83.2011,190.415,255,85,34.2735,6.96937,0.0088845,-0.287524,2.33965,16.9121,11.1651,5.26153,0.0305418,1.21715,5.12487,307,77.2804,123.547,177,87,16.3532,5.93267,0.0192386,0.469784,3.42589,10.933,6.53028,4.54641,0.0511028,1.09316,4.5915,163,73.3069,175.672,240,97,30.3367,6.788,0.0101007,0.000787917,2.25122,12.1214,6.89865,4.69657,0.0436682,0.660939,3.06622,292,73.5044,[431:206:430:207:429:207:427:209:427:210:426:211:426:212:423:215:422:215:421:216:419:216:417:218:416:218:410:224:410:226:409:227:409:234:410:235:410:237:411:238:412:238:413:239:414:239:415:238:416:238:418:236:418:235:420:233:420:232:421:231:421:230:422:229:422:228:425:225:430:225:431:224:432:224:433:223:434:223:435:222:437:222:438:221:439:221:440:220:441:220:443:218:443:217:444:216:444:211:442:209:440:209:439:208:436:208:435:207:434:207:433:206]
1141,131.882,43.7016,33.8469,0.632573,0.713571,0.824371,121.505,225,43,36.4226,7.02187,0.00876194,0.504614,2.63002,23.2848,12.151,5.53573,0.0243148,0.532053,2.95127,389,86.9369,182.086,255,91,33.5815,6.94007,0.00933451,0.100796,2.59296,19.1162,11.8964,5.39258,0.0279538,1.02235,4.08559,383,83.4744,132.66,202,72,23.8591,6.46224,0.0133968,0.509182,2.89093,13.7634,7.80009,4.86223,0.0393254,0.755238,3.32088,343,76.6564,175.476,254,108,30.0488,6.75051,0.0109329,0.447596,2.7544,13.3,7.95477,4.84348,0.0404091,1.01043,4.28238,356,77.5897,[100:208:99:209:96:209:95:210:88:210:87:211:87:212:86:213:86:214:85:215:85:226:86:227:86:228:87:229:87:230:93:236:93:237:94:238:94:239:100:245:101:245:102:246:110:246:113:243:113:242:117:238:122:238:123:237:124:237:125:236:125:229:124:228:124:227:123:226:123:224:122:223:122:222:121:221:121:220:118:217:117:217:113:213:112:213:108:209:104:209:103:208]
2,4.82843,2.3094,1.1547,0.866025,1,1.07802,140.5,142,139,1.5,1,0.5,0,1,15,0,-0,1,0,0,0,0,161.632,236,90,40.0202,6.57222,0.012015,0.115033,1.87005,13.9528,6.84585,4.60091,0.0476148,0.47341,2.48783,64,76.9811,144.5,146,143,1.5,1,0.5,0,1,14.5,1.5,1,0.5,0,1,0,0,153.594,233,104,34.1143,6.26985,0.0156195,0.564689,1.96625,9.73113,5.3929,4.28707,0.0550463,0.257508,2.11966,50,60.1415,[422:212:422:213]
860,182.167,60.5582,21.1794,0.936848,0.411483,0.325665,122.523,238,42,37.4358,7.03538,0.0088291,0.262651,2.6788,24.4779,13.993,5.67943,0.0218659,0.601052,2.91112,265,78.5756,174.465,255,42,52.3771,7.43462,0.00649665,-0.500689,2.32608,18.4706,13.7755,5.48503,0.0271661,1.1195,3.89068,426,76.879,133.915,219,78,25.2761,6.562,0.0121201,0.200994,2.83472,14.6093,8.17503,4.91738,0.0379043,0.741086,3.07237,249,73.8314,173.333,255,77,41.9725,7.17946,0.00766665,-0.113216,2.22733,12.77,8.49929,4.89367,0.0396235,0.96995,3.48573,369,66.5924,[34:221:34:223:33:224:33:231:34:232:34:244:35:243:36:243:37:242:39:242:41:244:41:245:42:246:42:247:43:248:43:249:44:250:45:250:46:251:48:251:51:248:52:248:54:250:54:251:53:252:53:253:50:256:49:256:48:255:46:255:47:256:43:260:43:261:52:270:59:270:60:271:61:271:62:272:64:272:67:275:68:275:70:273:70:272:69:272:66:269:66:268:65:267:65:256:64:255:64:253:63:252:63:250:62:249:62:248:61:247:61:246:57:242:57:241:55:239:55:238:54:237:54:236:48:230:46:230:45:229:39:229:37:227:37:222:36:221]
99,49.3553,20.9538,7.37189,0.936069,0.386719,0.510713,98.0404,176,51,30.0605,5.79573,0.0205081,0.834639,2.82272,31.8485,18.8853,5.58634,0.0237731,0.41806,2.41515,27,69.5455,182.675,255,83,41.6138,6.95904,0.00941712,0.0897439,1.97382,19.8869,15.3307,5.57646,0.0248082,1.10324,3.98424,178,82.8285,126.121,171,92,14.9073,5.28951,0.030303,0.548934,3.30511,12.9293,10.4246,4.62453,0.0496888,1.53836,4.64214,16,41.2121,173.482,255,106,38.1247,6.48837,0.0168096,0.715856,2.17141,12.458,9.7012,4.90298,0.0420308,1.31988,4.44396,162,75.3832,[355:228:352:231:351:231:343:239:343:240:344:240:346:242:347:242:348:243:349:243:351:241:351:237:352:236:352:235:356:231:357:231:358:230:358:229:357:228]
298,66.1838,21.3916,18.1033,0.53274,0.709524,0.854915,70.3993,165,26,26.1516,6.24395,0.0156524,0.825976,3.25568,18.9195,12.8875,5.31484,0.0305392,1.10541,3.81682,71,60.755,181.385,255,93,36.525,6.94271,0.00923462,0.0360465,2.20323,22.713,13.132,5.58446,0.0234629,0.660363,3.08259,226,85.2515,101.054,156,71,15.9743,5.76671,0.0208099,0.76645,3.45861,10.1745,6.91,4.53786,0.0503356,1.13303,4.27335,70,59.8993,168.93,255,105,32.6612,6.80948,0.0105958,0.549021,2.68416,14.6953,9.26286,5.00963,0.0375906,1.11193,4.24706,202,76.1982,[240:233:239:234:238:234:236:236:236:237:234:239:234:242:233:243:233:248:234:249:237:249:240:252:241:252:242:253:247:253:252:248:252:244:251:243:251:242:249:240:249:239:245:235:244:235:242:233]
563,125.882,42.0078,22.2091,0.848815,0.435759,0.446467,129.071,234,37,30.8135,6.75514,0.0110389,-0.00416585,3.25686,19.3108,10.706,5.27872,0.0299304,0.858601,3.91188,181,81.9805,159.823,248,23,44.1192,7.2435,0.00774393,-0.711992,3.37043,20.3484,12.2584,5.43813,0.0263102,1.0524,5.03214,357,84.1359,140.321,193,90,19.9902,6.2155,0.0153611,0.0193608,2.63003,11.5648,6.29251,4.56729,0.0475662,0.631133,3.06324,179,81.0746,158.991,229,61,31.5872,6.80096,0.0105934,-0.783007,3.52236,12.3725,7.14989,4.73181,0.0428863,0.798758,3.49733,319,75.1802,[73:235:70:238:70:239:69:240:69:241:68:242:68:243:67:244:67:248:68:249:68:250:77:259:77:262:78:263:78:264:79:265:80:265:82:267:85:267:87:269:87:270:88:271:88:272:90:272:90:271:91:270:91:266:92:265:92:263:93:262:93:261:97:257:97:256:100:253:100:252:98:250:94:250:93:251:90:251:87:254:86:254:85:255:84:255:82:253:82:245:81:244:81:241:80:240:80:238:79:237:79:236:78:236:77:235]
540,160.167,34.2866,28.8707,0.539417,0.467532,0.264521,103.511,227,42,32.0179,6.68327,0.0112208,0.497994,2.61701,21.5407,14.4673,5.58201,0.024417,1.01732,3.77762,150,70.8333,167.305,255,42,62.2926,7.38547,0.00765647,-0.227534,1.71643,22.3005,16.5543,5.74775,0.0221085,0.718078,2.61411,331,75.4964,122.002,222,77,22.4461,6.26343,0.0148697,0.598574,3.61641,13.5815,9.30347,4.91235,0.0407682,1.41874,5.23827,159,75.0833,169.872,255,79,49.2076,7.15595,0.00818609,0.114018,1.76771,14.2719,9.98574,5.12186,0.0329188,0.839137,3.2126,296,67.5134,[37:245:36:246:35:246:33:248:33:252:34:253:34:254:35:255:35:257:36:258:36:260:37:261:37:262:39:264:39:266:40:267:40:269:37:272:34:269:34:263:33:262:33:261:31:259:31:257:30:256:30:255:27:255:26:256:25:256:19:262:19:263:18:264:18:274:17:275:17:276:20:276:21:275:23:275:24:274:25:274:26:273:28:273:29:272:30:272:31:273:32:273:37:278:38:278:39:279:39:278:45:272:46:272:47:271:48:271:49:270:43:264:42:264:40:262:40:260:44:256:43:255:43:254:42:253:42:252:41:251:41:250:40:249:40:248:39:247:39:246:38:245]
716,148.267,38.6739,33.7604,0.487811,0.396456,0.409292,108.059,220,23,39.4675,7.06943,0.00850472,0.224776,2.40376,21.4274,13.0687,5.52503,0.0249875,0.88189,3.68687,222,79.0642,155.684,255,38,52.4994,7.53147,0.00594203,-0.0925573,2.07951,21.5193,13.0795,5.56191,0.0240052,0.909975,4.11486,367,73.631,123.842,210,61,27.6691,6.64867,0.0112512,0.0748226,2.49139,11.7737,7.27448,4.69533,0.0451219,0.916717,3.42717,187,66.5992,159.397,248,68,39.1142,7.16917,0.00780778,0.0777484,2.314,13.2722,8.46094,4.90007,0.0394549,1.04344,3.95778,337,67.6121,[102:254:100:256:100:257:96:261:96:262:95:263:95:265:94:266:94:270:93:271:93:272:90:275:76:275:76:276:78:278:78:279:80:281:80:282:82:284:82:285:83:286:84:286:91:279:92:279:99:286:99:291:100:291:101:292:104:292:108:296:109:296:115:290:116:290:117:289:113:285:113:284:112:283:112:281:111:280:111:278:110:277:110:276:109:275:109:263:107:261:106:261:103:258:103:256:102:255]
1353,326.233,72.749,45.0573,0.785113,0.363124,0.159755,110.9,209,30,31.6339,6.91616,0.00933952,0.131006,2.62316,22.4198,13.3768,5.57628,0.0247191,1.05965,4.45892,432,81.4191,178.925,255,81,34.4058,7.05324,0.00841853,0.0761948,2.40392,20.1801,12.6747,5.50703,0.0253174,0.957654,4.03246,702,82.6454,125.622,176,73,18.2579,6.18368,0.0157931,-0.0901387,2.68235,11.2993,6.56154,4.57414,0.0501238,1.15061,4.93949,403,75.9534,165.32,248,95,30.6336,6.81978,0.0103705,0.584829,2.72005,12.6066,7.87139,4.82107,0.0416911,1.00992,3.92957,656,77.2299,[338:256:337:257:336:257:334:259:334:260:332:262:331:262:331:263:330:264:330:265:329:266:329:267:328:268:328:269:326:271:325:271:323:273:323:274:320:277:319:277:318:278:318:279:317:280:317:283:318:284:318:285:319:286:322:286:324:284:325:284:328:281:330:281:332:283:330:285:329:285:323:291:322:291:321:292:319:292:318:293:316:293:315:294:313:294:312:295:311:295:309:297:308:297:307:298:306:298:303:301:303:302:302:303:302:304:301:305:301:306:300:307:300:308:299:309:299:310:298:311:298:312:297:313:297:316:299:318:300:318:301:319:306:319:313:312:313:311:316:308:318:308:321:311:321:313:320:314:320:318:322:320:322:322:324:324:330:324:335:319:338:319:344:313:344:312:346:310:346:309:347:308:347:306:348:305:348:304:349:303:349:302:350:301:350:298:349:297:347:297:343:301:341:301:340:302:339:302:335:306:333:306:331:308:331:313:332:314:332:315:333:316:333:317:330:320:328:320:324:316:324:314:325:313:325:312:326:311:326:310:327:309:327:307:328:306:328:304:329:303:329:302:330:301:330:300:331:299:331:297:330:296:329:296:327:294:327:292:331:288:331:287:333:285:333:284:334:283:334:280:336:278:337:278:339:276:339:274:337:272:337:270:338:269:338:268:339:267:339:266:340:265:340:264:343:261:343:259:342:258:341:258:339:256]
745,142.953,45.7383,24.4546,0.845065,0.605691,0.458118,85.8443,224,22,34.2332,6.84017,0.00987883,0.743758,3.52077,18.7208,14.1488,5.409,0.0294059,1.58952,6.01147,211,72.2215,178.439,255,97,29.5429,6.80281,0.0104331,0.271052,2.80381,19.3857,12.7991,5.40445,0.029277,1.3346,4.88534,374,83.2199,107.679,191,59,21.9393,6.31705,0.01483,0.593305,3.39153,10.9356,7.06869,4.6036,0.0487383,1.04563,3.86406,221,75.6443,157.984,231,93,22.119,6.40736,0.0140499,0.376488,3.18485,11.1326,6.24792,4.52334,0.0510936,1.14107,5.45382,336,74.7644,[451:257:450:258:448:258:447:259:446:259:442:263:442:270:445:273:442:276:442:277:441:278:441:282:440:283:440:285:439:286:439:287:438:288:438:292:439:293:439:295:440:296:441:296:442:297:445:297:446:296:448:296:449:297:454:297:457:294:457:291:455:291:454:290:449:290:448:289:447:289:445:287:445:286:447:284:455:284:457:282:458:282:464:276:464:275:466:273:466:269:467:268:466:267:466:266:463:263:462:263:457:258:456:258:455:257]
1262,178.066,59.9956,30.1251,0.864797,0.486133,0.500158,125.29,252,48,36.0082,7.03512,0.00900641,0.705704,3.56807,22.6933,13.3332,5.57107,0.0250477,1.09274,4.50535,406,82.0365,174.358,255,42,45.9531,7.34045,0.00704743,-0.549835,2.90837,20.814,13.236,5.5701,0.024256,0.932571,3.8686,440,76.1711,134.378,236,77,24.1412,6.46899,0.0136515,0.735128,4.19398,12.458,8.28577,4.79403,0.0445009,1.57817,6.51892,379,76.5808,170.624,255,81,32.9733,6.94491,0.00989109,-0.105709,3.07678,12.0251,7.78357,4.75752,0.0444954,1.31033,5.50486,390,67.5153,[150:258:149:259:148:259:147:260:145:260:144:261:143:261:130:274:130:283:129:284:129:287:128:288:128:289:126:291:126:292:125:293:125:294:126:295:127:295:128:296:130:296:131:297:133:297:134:298:136:298:139:301:140:301:141:300:142:300:147:295:148:295:151:292:152:292:154:290:154:288:156:286:157:286:159:284:160:284:162:282:162:280:163:279:163:276:164:275:164:274:166:272:170:272:171:271:172:271:176:267:177:268:178:268:178:267:181:264:181:263:183:261:182:261:181:260:180:260:178:258:174:258:174:262:172:264:170:264:169:265:167:265:166:264:165:264:164:263:163:263:162:262:161:262:160:261:158:261:156:259:154:259:153:258]
673,111.397,40.9462,21.7387,0.847428,0.582684,0.681519,116.64,255,46,36.8222,6.86099,0.0105999,0.971481,4.33956,22.055,13.4019,5.57092,0.0243239,0.830483,3.39488,195,73.8856,178.975,255,48,39.9591,7.09281,0.00836531,-0.471371,3.02039,21.6203,13.6188,5.60669,0.0228529,0.81829,3.71585,332,84.1551,131.053,235,84,24.2443,6.31084,0.0153998,1.01946,4.37634,12.1872,7.78237,4.77405,0.0420353,0.770978,2.94393,161,61.003,172.23,248,95,30.5823,6.77676,0.0109225,0.45901,2.80411,14.2048,8.24102,4.92709,0.0375382,0.740501,3.09815,319,80.8598,[196:258:195:259:194:259:193:260:191:260:190:261:188:261:187:262:185:262:184:263:184:264:181:267:181:268:179:270:179:279:178:280:178:285:176:287:179:290:179:291:180:292:186:286:187:286:188:285:189:285:190:284:191:284:192:283:193:283:195:281:196:281:198:279:199:279:200:278:201:278:206:273:206:271:207:270:207:269:208:268:208:260:207:259:205:259:204:258]
309,109.054,45.6215,12.2601,0.963214,0.321875,0.326503,124.638,205,66,31.9439,6.62193,0.0116568,0.406846,2.33762,23.5663,11.3554,5.3609,0.0275971,0.375378,2.60835,100,82.5243,170.488,255,86,29.6339,6.77407,0.0111736,0.0140898,3.08834,18.6993,10.4224,5.26229,0.0297546,0.853011,3.91907,328,87.0343,134.706,191,91,21.0546,6.11631,0.0165583,0.401259,2.52538,12.5955,6.22565,4.55603,0.0481667,0.443475,2.61576,88,72.6214,152.147,237,106,19.6742,6.19049,0.0162303,0.666378,4.03224,10.3226,6.25174,4.48855,0.0522663,1.04805,4.15687,275,72.9709,[392:258:388:262:387:262:383:266:383:267:382:268:382:272:381:273:381:274:380:275:380:276:377:279:375:279:372:276:372:275:371:274:371:273:369:273:369:274:368:275:368:277:366:279:366:280:364:282:364:286:365:287:367:287:368:286:369:286:370:285:375:285:378:282:379:282:381:280:382:280:382:279:386:275:387:275:389:273:389:272:390:271:390:270:391:269:391:268:392:267:392:266:393:265:393:264:394:263:394:261:395:260:395:259:394:258]
1219,158.51,53.8046,30.2736,0.82669,0.562789,0.60968,120.973,255,35,40.3736,7.18065,0.00793359,0.51299,2.89594,21.6128,13.2768,5.57928,0.0244064,0.979914,4.02058,355,74.2617,177.549,255,61,38.1148,7.12334,0.00830912,-0.270398,2.79699,22.1887,14.3605,5.64568,0.0233716,1.00124,3.813,425,81.485,133.568,237,80,27.5884,6.66656,0.0115326,0.664735,3.4363,12.7235,7.25645,4.73725,0.0428107,0.737655,3.10337,346,72.379,163.772,254,102,28.3354,6.69459,0.0114512,0.608627,3.22699,13.0947,8.54902,4.88904,0.0400927,1.04883,3.74943,375,71.8985,[242:264:241:265:239:265:238:266:237:266:236:267:235:267:233:269:233:271:232:272:232:273:229:276:229:277:226:280:226:281:225:282:225:285:224:286:224:287:223:288:223:289:221:291:221:292:220:293:220:298:219:299:219:300:218:301:218:302:215:305:217:307:217:308:218:309:218:310:221:313:224:313:231:320:232:320:234:318:236:318:242:312:242:311:243:310:243:309:244:308:244:306:245:305:245:304:246:303:246:302:247:301:247:300:249:298:249:297:250:296:250:294:251:293:251:290:252:289:252:282:251:281:251:280:250:279:243:279:241:277:241:274:242:273:242:272:243:271:243:269:244:268:244:265:243:264]
274,65.3553,21.6738,16.378,0.654962,0.686717,0.806117,97.8613,190,26,29.6083,6.41409,0.0137194,0.154202,2.51607,21.7409,13.6117,5.45223,0.0260802,0.97911,4.07849,62,57.7007,217.422,255,108,29.8136,6.20539,0.0238984,-1.28439,4.2195,16.5822,14.7599,5.37846,0.0311419,1.30372,4.45669,169,65,122.35,192,78,21.8604,6.0836,0.0172092,0.202265,2.4882,15.4124,8.48193,4.88742,0.0390804,0.905418,4.20238,65,60.4927,213.164,255,122,28.7781,6.28654,0.0174466,-0.781519,2.53272,13.3348,10.2386,4.99826,0.0377347,0.909948,3.39385,149,57.3077,[296:272:295:273:294:273:289:278:288:278:287:279:287:280:286:281:287:282:287:284:288:285:288:287:289:288:289:289:292:292:293:291:297:291:299:289:300:289:300:288:302:286:303:286:303:278:304:277:304:275:301:272]
1459,216.309,66.6152,34.8157,0.852554,0.603391,0.391848,96.2077,255,17,43.9898,7.28245,0.00726412,0.530015,2.90999,23.5374,15.7989,5.76044,0.021673,0.979783,3.57286,432,75.5038,191.624,255,54,49.6893,7.12393,0.00951559,-0.674991,2.52651,20.3362,16.483,5.68008,0.0242493,0.912155,3.16909,465,72.8795,112.683,216,52,29.3836,6.78174,0.0103543,0.504951,2.90562,14.1199,9.46325,5.00093,0.0378323,1.37928,5.40427,427,74.6299,185.138,255,82,44.2751,7.00469,0.0105023,-0.109381,1.77279,14.6945,11.492,5.24728,0.0313105,1.12809,3.94906,444,69.5882,[29:275:28:276:26:276:25:277:24:277:23:278:21:278:20:279:15:279:13:281:13:283:14:284:14:285:16:287:16:289:17:290:17:295:18:296:18:297:19:298:20:298:23:295:26:295:27:294:28:294:29:293:30:293:31:292:32:292:34:294:34:295:31:298:30:298:27:301:27:303:24:306:18:306:17:307:16:307:14:309:14:311:13:312:13:316:12:317:12:319:9:322:8:322:7:323:7:325:11:329:11:330:12:330:13:331:14:331:16:333:16:334:17:335:17:336:20:336:23:333:25:333:26:334:32:334:33:333:36:333:37:332:38:332:44:326:44:319:45:318:45:313:44:312:44:306:40:302:40:301:39:300:39:298:38:297:38:296:37:295:37:292:36:291:36:287:37:286:37:283:38:282:38:281:37:281:32:276:31:276:30:275]
1954,294.877,62.0011,59.0507,0.304809,0.462485,0.282392,118,245,33,34.8034,7.06812,0.00854138,0.346501,2.95025,22.2953,12.8094,5.53769,0.0250668,1.04778,4.53188,612,79.8669,170.278,255,23,50.9082,7.41254,0.00713846,-0.477943,2.80067,19.2597,13.2916,5.55318,0.0246477,0.901193,3.54433,637,74.273,130.061,209,72,21.5911,6.41245,0.0136334,0.248108,3.01432,11.9862,7.30301,4.66764,0.0476366,1.41356,5.90608,617,80.5194,165.365,254,61,39.8952,7.17306,0.0080726,0.0307607,2.68902,12.1614,8.13377,4.82959,0.0417462,1.18266,4.69786,576,67.1605,[71:275:70:276:70:277:72:279:72:280:74:282:74:285:75:286:75:291:74:292:74:294:73:295:73:297:72:298:72:300:71:301:71:302:69:304:69:305:67:307:67:308:66:309:66:310:65:311:65:312:64:313:64:314:63:315:63:316:57:322:57:323:55:325:55:327:54:328:54:330:55:331:55:332:59:336:60:336:61:337:68:337:69:338:72:338:73:339:77:339:78:338:78:336:77:335:76:335:73:332:73:331:75:329:79:329:81:327:81:326:82:325:82:324:83:323:83:322:84:321:84:319:87:316:89:318:89:319:90:320:90:321:91:321:92:322:93:322:95:320:95:318:98:315:101:318:101:320:100:321:100:323:99:324:99:329:98:330:98:334:99:335:99:336:100:337:108:337:109:336:111:336:114:333:114:332:115:331:115:330:116:329:116:324:117:323:117:322:118:321:118:319:117:319:116:318:115:318:110:313:110:312:109:311:109:310:108:309:104:309:103:308:101:308:99:306:99:304:97:302:98:301:98:300:99:299:99:295:100:294:99:294:96:291:96:286:92:282:91:282:83:290:81:288:81:287:79:285:79:284:77:282:77:281:75:279:75:278:73:276:73:275]
170,86.468,41.9928,5.64778,0.990914,0.210918,0.285725,128.635,185,87,20.9225,5.84394,0.0209689,0.650654,3.0896,24.3765,16.0916,5.51507,0.02609,0.813587,2.83013,43,64.5,204.674,255,103,37.1403,6.78583,0.0112999,-0.626391,2.37993,17.6933,12.8991,5.43243,0.0273058,0.840784,3.13413,258,79.7455,133.976,222,89,25.9889,5.92859,0.0199308,1.0727,3.5138,21.3941,14.4606,5.37468,0.0282353,0.635539,2.59255,47,70.5,187.895,255,103,41.8759,6.85071,0.0106241,0.0122868,1.62173,12.2679,9.18073,4.90738,0.0399765,1.1706,4.32607,207,63.9818,[401:278:400:279:399:279:399:280:396:283:395:283:391:287:390:287:388:289:386:289:385:290:384:290:373:301:373:303:374:303:375:302:376:302:381:297:382:297:384:295:385:295:386:294:387:294:388:293:390:293:395:288:396:288:403:281:403:279:402:278]
115,43.2132,14.3363,10.9164,0.64822,0.69697,0.773882,132.078,222,74,26.0955,6.03115,0.0174669,0.169122,3.36037,22.8261,13.0332,5.22447,0.0312287,0.844447,3.07269,36,79.8261,174.582,255,75,40.2867,7.01095,0.00878558,-0.218099,2.31174,22.0359,12.0427,5.46635,0.0257377,0.542199,2.96121,150,76.1952,146.774,189,116,13.4352,5.33769,0.0292628,0.266502,3.26791,10.9217,6.59532,4.29545,0.0635917,1.1216,3.906,31,68.7391,170.373,238,105,27.3883,6.61086,0.0115078,0.0483307,2.46048,13.6853,7.5504,4.84299,0.0391105,0.558016,2.81185,162,82.2908,[168:285:167:286:166:286:166:287:165:288:165:289:164:290:164:294:165:295:171:295:172:294:177:294:178:293:176:291:176:290:172:286:171:286:170:285]
234,100.083,27.3654,19.8471,0.688474,0.321429,0.293564,104.735,211,42,36.7048,6.52402,0.0123822,0.272235,2.21427,26.9274,15.2881,5.64589,0.0231208,0.671713,3.09319,65,70.8333,157.98,255,33,56.0696,7.42965,0.00655978,-0.295042,1.84415,21.0787,13.0698,5.49508,0.0263351,1.11537,4.27459,255,73.0618,126.53,188,80,26.3771,6.30432,0.0137702,0.105887,2.04684,15.6325,9.16944,4.90625,0.0390459,0.794088,3.08143,62,67.5641,156.034,231,72,39.8837,7.01621,0.00889534,-0.342076,1.87445,12.2045,7.76645,4.77801,0.0426133,1.06894,4.28383,207,59.309,[118:291:116:293:115:293:110:298:110:300:112:302:112:306:111:307:111:309:112:310:112:311:113:312:113:313:115:315:116:315:117:316:118:316:117:315:117:314:116:313:116:312:115:311:115:307:116:306:116:305:118:303:135:303:136:302:137:302:136:301:134:301:133:300:131:300:130:299:128:299:127:298:126:298:125:297:124:297:123:296:121:298:120:298:118:296]
1619,205.966,56.934,39.8214,0.7147,0.615122,0.479587,117.353,255,32,40.1612,7.17705,0.00808993,0.663979,2.88725,24.1674,13.9269,5.68215,0.0225187,0.750161,3.19176,513,80.7999,168.884,255,46,40.0828,7.22944,0.00779883,-0.301351,2.89116,22.2811,13.4205,5.58947,0.0242728,1.02262,4.25456,520,83.765,129.988,207,62,25.8707,6.61286,0.0116105,0.458683,2.66071,13.3101,7.56468,4.82213,0.0411699,0.816248,3.44821,477,75.1297,160.873,249,100,26.7177,6.67176,0.0114837,0.499241,3.37836,12.8086,7.38085,4.78448,0.0419065,0.841643,3.55905,468,75.3885,[186:298:185:299:181:299:180:300:179:300:173:306:173:307:168:312:168:313:167:314:167:318:166:319:166:321:162:325:162:328:163:329:164:329:169:334:170:333:171:333:172:332:174:332:177:329:181:329:184:332:184:334:183:335:183:337:182:338:182:339:184:339:185:338:187:338:186:337:187:336:187:335:190:332:190:330:192:328:193:328:195:330:195:333:196:334:196:337:195:338:195:339:196:340:197:340:198:341:199:341:200:342:202:342:203:343:204:343:205:344:208:344:209:343:209:340:207:338:209:336:212:336:213:335:214:335:214:333:215:332:215:331:217:329:217:323:216:322:216:317:215:316:215:315:214:314:214:312:213:311:213:310:211:308:211:307:210:306:209:306:208:305:205:305:204:306:203:306:202:307:198:307:189:298]
2,4.82843,2.3094,1.1547,0.866025,1,1.07802,145.5,151,140,5.5,1,0.5,0,1,15,4,1,0.5,0,1,0,0,147.906,255,46,47.3258,6.85019,0.00983447,0.27421,2.2275,27.3396,15.7994,5.56247,0.0240744,0.889902,4.05274,66,79.3868,142.5,148,137,5.5,1,0.5,0,1,7,1,1,0.5,0,1,0,0,145.377,213,98,26.0203,6.25188,0.0147295,0.484038,2.45428,14.6887,7.80404,4.73697,0.0428978,0.556276,2.82871,61,73.3726,[213:306:214:306]
25,23.5563,9.96708,3.42264,0.939191,0.462963,0.566153,121.48,176,87,19.1314,4.56386,0.0432,0.785762,3.7494,29.4,15.877,3.97366,0.0688,0.43895,2.60725,8,81.6,158.641,255,46,48.2346,7.10828,0.00836286,-0.139052,2.26034,25.5763,17.5755,5.77471,0.0217849,0.979172,3.39787,109,78.517,137.24,152,125,8.52422,3.83327,0.0784,0.0786388,1.70349,11.44,6.40675,3.70347,0.088,1.80951,5.94776,7,71.4,150.068,215,94,27.5786,6.45206,0.0136136,0.156046,2.37045,14.1723,9.07789,4.89056,0.0402981,0.970047,3.41214,105,75.6356,[220:315:220:316:223:319:224:319:225:320:228:320:224:316:221:316]
777,133.64,46.222,24.7952,0.84394,0.539583,0.546714,119.418,192,21,29.595,6.71693,0.0112849,-0.156933,2.87087,18.601,10.937,5.26362,0.0310818,1.14354,4.65955,240,78.7645,172.149,255,73,36.399,7.08798,0.00841594,-0.0859207,2.60276,18.4821,11.8175,5.38483,0.0277653,0.925683,3.61438,411,89.4241,128.259,189,80,21.7781,6.33544,0.0141438,0.264361,2.42208,11.6602,6.77799,4.62776,0.0462741,0.88492,3.79094,236,77.4517,159.596,251,104,28.2559,6.68311,0.0114736,0.688972,3.06969,12.3097,7.11141,4.69282,0.045066,1.05586,4.82756,371,80.721,[404:318:403:319:401:319:397:323:396:323:393:326:393:327:392:328:392:329:391:330:391:337:392:338:392:341:391:342:391:343:389:345:389:346:384:351:383:351:382:352:381:352:380:353:379:353:377:355:377:356:378:357:379:356:384:356:385:357:387:355:391:355:392:354:396:354:397:355:398:355:399:354:403:354:404:353:406:353:410:349:410:348:411:347:411:334:410:333:410:329:411:328:411:327:412:326:412:321:409:318]
108,58.1421,24.7843,6.21798,0.968017,0.5625,0.401469,134.398,192,88,21.7677,5.60055,0.0240055,0.190151,2.71132,19.8148,9.25778,4.84138,0.0408093,0.72026,3.7402,41,96.8056,191.435,243,117,27.2353,6.36215,0.0145653,0.0568078,2.20126,11.8669,7.76028,4.62162,0.04788,1.88537,9.68482,102,76.9527,142.935,172,100,16.1304,5.45662,0.026406,-0.314756,2.45151,11.6667,5.41774,4.3229,0.0562414,0.131709,2.41357,37,87.3611,182.482,253,122,28.4306,6.53519,0.0121319,0.309556,2.1305,10.6568,5.48537,4.32444,0.0582263,0.851928,3.78569,99,74.6893,[498:322:497:323:497:324:495:326:495:329:494:330:492:330:494:330:495:331:495:341:496:342:496:343:498:345:499:345:499:322]
1237,176.894,70.9338,24.5743,0.938072,0.403194,0.496765,121.537,255,40,36.26,7.01753,0.00897613,0.748528,3.51902,21.0162,11.6886,5.45763,0.0255704,0.603399,2.95657,348,71.7381,183.457,255,54,42.9633,7.26349,0.00723133,-0.466713,2.53857,19.5586,12.3805,5.46181,0.0258635,0.777611,3.12343,462,78.9082,131.339,225,84,25.2074,6.51835,0.0124712,0.654832,2.97086,12.9264,6.96662,4.73257,0.0414732,0.521806,2.83124,319,65.7599,175.235,255,96,34.4781,7.00781,0.00860232,0.116091,2.19275,13.1393,8.00515,4.85376,0.0402553,0.912601,3.63313,416,71.0516,[161:330:156:335:155:335:146:344:145:344:141:348:140:348:139:349:139:350:132:357:131:357:130:358:129:358:126:361:126:362:125:363:125:364:123:366:123:368:122:369:122:370:121:371:121:372:120:373:120:374:118:376:118:377:117:378:117:379:116:380:116:384:119:387:121:387:122:388:136:388:138:386:140:386:141:385:142:385:143:384:143:383:144:382:144:380:146:378:146:377:147:376:147:374:148:373:148:371:149:370:149:369:151:367:151:365:152:364:152:363:153:362:153:360:154:359:154:347:159:342:160:342:161:341:162:341:166:337:166:336:167:335:164:332:163:332]
766,117.054,42.4896,23.6156,0.831317,0.608903,0.702534,125.056,252,37,33.7902,6.88054,0.00991895,0.559686,3.18622,23.0457,13.3929,5.59037,0.0234748,0.634852,2.6616,255,84.889,180.611,255,93,29.4591,6.81038,0.0102386,0.0818323,2.61918,19.6838,10.9909,5.35563,0.0282395,0.769825,3.37168,371,90.1,133.004,178,84,17.8822,6.07518,0.0174042,-0.0414828,2.83596,10.0065,5.54956,4.38709,0.0548337,0.742159,3.30287,245,81.5601,162.062,243,110,22.3343,6.31697,0.0153723,0.892771,3.90635,11.3648,6.44237,4.54456,0.0513687,1.15419,4.94504,362,87.9143,[256:330:255:331:254:331:252:333:244:333:243:334:242:334:234:342:234:349:232:351:232:352:231:353:231:354:229:356:229:357:228:358:228:360:230:362:231:362:232:363:233:362:235:362:236:361:245:361:246:360:246:359:247:358:247:357:249:355:251:355:252:356:253:356:254:355:255:355:262:348:262:346:264:344:264:337:263:336:263:335:258:330]
202,91.397,45.5298,6.93282,0.988339,0.241338,0.303877,125.129,193,73,22.4855,6.00223,0.0188217,0.633212,3.62555,21.4901,15.9247,5.4044,0.0277914,1.13679,3.60998,53,66.9059,197.724,255,102,40.6829,6.81161,0.0111032,-0.27088,1.71875,18.0383,13.3015,5.46114,0.0262329,0.824535,3.13838,263,77.892,125.579,213,94,23.1263,5.8103,0.0214685,1.44561,5.09894,17.2327,13.3939,5.0914,0.0390158,1.19137,3.27841,45,56.8069,182.955,255,101,44.7973,6.84243,0.0114997,0.0795419,1.56259,12.8664,9.65284,4.98889,0.0378851,1.13653,3.92434,252,74.6341,[329:337:328:338:327:338:324:341:323:341:321:343:321:344:319:346:319:347:318:348:318:349:316:351:315:351:314:352:314:353:306:361:306:362:304:364:304:367:309:367:312:364:312:363:313:362:313:361:318:356:318:355:319:354:319:351:320:350:320:349:325:344:329:344:330:343:330:338]
1004,263.321,76.6193,26.0616,0.940373,0.320255,0.181959,125.063,227,38,35.5014,7.04219,0.00890661,0.2545,2.7146,23.5657,13.6081,5.62158,0.0233151,0.812381,3.48983,314,79.751,157.064,255,48,42.9887,7.33703,0.00691617,-0.16257,2.37021,23.1334,13.4828,5.62815,0.0234068,0.819996,3.40559,609,85.9408,135.77,199,76,22.4983,6.43283,0.0131387,0.160091,2.53462,13.3974,7.57252,4.81746,0.0402275,0.674128,3.0208,325,82.5448,150.994,227,76,27.8492,6.75124,0.0104553,-0.154162,2.43685,12.4754,6.85814,4.67551,0.0458774,0.925436,4.03809,548,77.3326,[185:341:184:342:181:342:180:343:180:352:181:353:181:354:183:356:186:356:188:358:188:359:186:361:186:362:185:363:185:367:183:369:183:370:181:372:181:374:180:375:180:377:179:378:179:379:177:381:175:379:175:378:174:377:174:376:172:374:172:373:171:372:171:371:169:369:169:366:172:363:173:363:174:364:175:364:176:365:177:365:178:366:178:365:176:363:176:360:175:359:173:359:172:360:170:360:169:361:167:361:166:362:165:362:161:366:160:366:159:367:157:367:155:369:155:370:154:371:154:374:153:375:153:376:152:377:152:381:151:382:151:386:156:391:154:393:154:396:155:397:156:397:157:396:157:395:158:394:158:393:161:390:165:390:166:391:170:391:169:390:169:389:171:387:172:387:180:379:181:379:183:377:183:376:186:373:186:372:188:370:188:369:189:368:189:366:190:365:190:359:191:358:191:357:194:354:195:354:196:353:197:353:198:352:200:352:202:350:203:350:205:348:205:347:204:346:203:346:202:345:200:345:199:344:198:344:197:343:196:343:195:342:194:343:194:344:192:346:191:346:190:347:187:344:187:341]
982,194.752,70.0831,28.5715,0.913124,0.389683,0.325354,123.325,255,38,41.6987,7.15259,0.00839136,0.720458,3.57695,26.9063,17.0023,5.86418,0.0198917,0.903771,3.55351,301,78.1619,197.301,255,65,40.5506,6.98698,0.00938101,-0.399394,1.98186,19.6401,14.6281,5.61686,0.0238433,0.814379,3.04397,518,80.9871,134.447,230,75,26.3733,6.59094,0.012193,0.534847,3.3875,15.7016,9.86113,5.10464,0.0349488,1.19498,4.6016,290,75.3055,187.249,255,103,39.3427,7.02539,0.00842092,0.00278449,1.80187,14.0362,10.0478,5.069,0.03592,1.06529,3.71264,464,72.5444,[73:350:72:351:71:351:71:358:70:359:70:362:69:363:69:364:65:368:64:368:63:369:59:369:58:370:53:370:51:368:51:360:49:358:48:358:45:355:44:355:43:356:42:356:39:359:31:359:27:363:27:364:26:365:26:384:27:385:27:387:28:388:28:389:30:391:36:391:39:388:39:387:41:385:42:385:45:382:46:382:47:381:48:381:49:380:51:380:53:378:53:377:58:372:59:372:60:371:63:371:65:369:66:369:72:363:73:363:74:362:75:362:77:360:78:360:80:358:81:358:82:357:83:357:84:356:84:355:85:354:85:352:83:350]
1728,212.894,84.8761,29.5737,0.937333,0.528764,0.479099,127.857,231,38,31.918,6.95085,0.00930279,0.292864,2.76453,20.4306,11.4344,5.42131,0.0268977,0.804164,3.47875,567,83.6719,174.256,255,70,34.7368,7.04923,0.00855349,-0.101306,2.60045,18.4095,10.8064,5.30116,0.0297531,0.92762,3.89492,593,86.3592,137.001,205,80,21.4808,6.40052,0.0135654,0.229164,2.70974,12.3426,6.46004,4.63132,0.0456854,0.593482,2.9017,542,79.9826,164.347,242,105,25.3744,6.60353,0.0117374,0.349379,2.72192,11.4415,6.30039,4.58645,0.0476702,0.705998,3.28784,596,86.7961,[427:353:426:354:424:354:423:355:421:355:415:361:412:361:411:360:409:360:407:358:399:358:398:357:397:357:396:358:394:358:393:359:387:359:386:358:384:360:383:360:382:361:381:361:380:362:379:362:373:368:373:369:372:370:372:372:371:373:371:379:370:380:370:385:369:386:369:390:370:391:370:392:373:395:377:395:378:394:379:394:381:392:384:392:385:391:386:391:390:387:394:387:396:385:397:385:400:382:400:381:402:379:403:379:405:377:407:377:408:376:411:376:412:377:414:377:415:378:416:378:418:380:422:380:425:377:425:376:429:372:437:372:438:371:439:371:441:369:442:369:442:368:444:366:444:360:443:359:441:359:440:360:437:360:433:356:433:355:432:354:431:354:430:353]
46,33.5563,12.7626,5.23989,0.911832,0.505495,0.513356,85.6522,177,48,26.7421,4.90911,0.036862,1.17194,5.07782,20.5652,13.8323,4.76227,0.0406427,0.871971,2.54256,12,66.5217,128.578,245,41,42.9628,7.06096,0.00860268,0.390099,2.37611,27.0829,15.0928,5.72619,0.0213158,0.484199,2.48521,155,93.6611,107.826,135,84,12.2764,4.62118,0.0463138,0.240511,2.87079,10.3261,5.69918,4.18064,0.063327,0.550754,2.26913,6,33.2609,134.867,208,76,26.8589,6.43893,0.0130949,0.29056,2.25668,13.6137,7.64342,4.78772,0.0410817,0.576284,2.79809,135,81.5758,[172:366:172:369:174:371:174:372:175:373:175:374:177:376:177:378:177:375:178:374:178:371:177:370:177:368:176:368:175:367:174:367:173:366]
434,126.267,55.3071,11.1043,0.979637,0.272784,0.342074,128.449,203,71,25.8468,6.51083,0.0123171,0.177488,2.59447,22.47,12.4037,5.43707,0.0272357,0.788587,3.28236,144,84.6083,190.713,255,106,32.4259,6.90032,0.00917927,-0.166688,2.21081,15.8949,11.0857,5.17774,0.0334695,1.43709,5.56465,362,82.938,138.217,197,100,15.554,5.83938,0.0199834,0.375291,3.27107,12.03,7.80562,4.63358,0.0488968,1.56101,5.88981,140,82.2581,180.149,254,122,29.0981,6.69354,0.010881,0.363245,2.24162,11.1833,6.8733,4.59182,0.0495952,1.19412,4.75171,343,78.5849,[105:368:104:369:103:369:97:375:97:376:93:380:93:381:91:383:90:383:89:384:89:385:86:388:85:388:77:396:77:397:75:399:75:400:74:401:74:402:73:403:73:407:75:409:76:409:77:410:79:410:80:409:81:409:82:408:82:407:84:405:84:404:85:403:85:402:86:401:86:400:90:396:91:396:92:395:92:394:95:391:95:390:100:385:100:384:101:383:100:382:100:377:101:376:101:375:104:372:105:372:106:371:107:371:108:370:109:370:109:368]
860,223.865,100.702,23.7154,0.971874,0.199675,0.215643,106.12,212,31,32.2948,6.80199,0.0108951,0.236282,3.38847,21.7244,15.2593,5.58741,0.0259248,1.2585,4.26566,251,74.4244,194.484,255,72,47.8692,7.04821,0.00990472,-0.571405,2.05547,17.9519,14.7041,5.51795,0.0271528,0.976218,3.31728,523,73.7231,118.39,228,68,30.4235,6.57253,0.0131882,1.06123,3.51334,16.6721,12.6428,5.26144,0.0322445,0.978212,2.93828,232,68.7907,185.735,254,82,47.8423,6.99869,0.0101125,-0.230406,1.58535,10.9022,8.0631,4.76438,0.0435092,0.915119,3.57871,429,60.4726,[203:384:202:385:199:385:198:386:193:386:192:387:191:387:190:388:188:388:187:389:185:389:184:390:181:390:180:389:179:389:173:395:172:395:171:394:166:394:165:393:161:393:161:394:160:395:160:396:159:397:159:398:157:400:156:400:156:402:155:403:155:411:154:412:154:413:152:415:152:416:147:421:146:421:145:422:144:422:141:425:141:426:140:427:140:428:139:429:139:430:138:431:138:433:137:434:137:435:135:437:135:440:136:441:140:441:141:442:144:439:144:436:145:435:145:434:146:433:146:432:148:430:148:429:149:428:149:427:150:426:150:425:154:421:154:420:155:419:155:418:157:416:157:415:158:414:158:413:160:411:161:411:167:405:167:404:169:402:170:402:172:400:173:400:174:399:177:402:181:402:183:400:185:400:186:399:187:399:188:398:190:398:191:397:193:397:194:396:201:396:202:395:203:395:207:391:207:389:206:388:206:386:205:385:204:385]
2012,228.794,65.051,44.9594,0.72272,0.566601,0.483002,128.18,234,27,30.8835,6.89964,0.0098371,0.20243,3.16179,18.5149,10.423,5.27719,0.0299243,0.940316,4.27415,701,88.8444,170.077,254,68,30.9555,6.88645,0.00990978,-0.404765,3.21079,16.8116,9.52953,5.16686,0.0316933,0.712933,3.22928,630,88.5124,135.03,208,82,21.0064,6.37968,0.0138503,0.0797484,2.82,11.17,5.99295,4.52383,0.0499962,0.72286,3.3842,654,82.8877,160.089,229,86,22.1331,6.45404,0.0138567,0.0798871,3.4215,11.0628,6.36462,4.57275,0.04815,0.778539,3.41437,586,82.3306,[336:385:335:386:334:386:333:387:332:387:327:392:327:393:326:394:326:395:327:396:325:398:325:399:324:400:324:401:323:402:323:412:322:413:322:414:321:415:321:417:322:418:322:421:323:422:323:424:326:427:329:427:333:423:334:423:335:424:336:424:338:426:338:430:337:431:337:434:340:434:341:435:343:435:344:436:345:436:346:437:347:437:348:438:349:438:350:439:351:439:353:441:354:441:355:440:356:440:357:439:358:439:359:438:360:438:361:437:369:445:369:447:370:448:370:451:373:448:373:444:372:443:372:442:371:441:371:440:369:438:369:436:368:435:368:429:367:428:367:427:366:426:365:426:364:425:362:425:361:424:360:424:357:421:357:420:358:419:358:418:361:415:361:414:362:413:362:411:363:410:363:409:364:408:364:407:365:406:365:404:366:403:366:397:365:396:365:394:361:390:360:390:358:388:355:388:354:387:352:387:351:386:349:386:348:385]
1,2.82843,1.1547,1.1547,0,1,1.5708,134,134,134,0,-0,1,0,0,25,0,-0,1,0,0,0,0,131.684,234,44,35.3962,6.49098,0.0131716,0.233768,2.93951,21.6378,12.9661,5.35948,0.0284257,0.553897,2.54563,60,78.0612,113,113,113,0,-0,1,0,0,19,0,-0,1,0,0,1,255,124.041,180,89,20.6528,5.97715,0.0178051,0.26439,2.19574,12.2653,6.13463,4.3832,0.0570075,1.16599,5.34194,61,79.3622,[175:390]
4,7.65685,3.43591,1.69151,0.870424,0.666667,0.857372,127.5,137,112,10.4043,1.5,0.375,-0.455486,1.58218,19,7.58288,2,0.25,0.0516037,1.08537,2,127.5,132.273,234,44,35.9437,6.61928,0.0117978,0.231781,2.6589,22.2479,13.2242,5.4017,0.0273943,0.538089,2.46476,73,79.5513,119.5,126,112,5.02494,2,0.25,-0.283733,1.94265,14,1.22474,1.5,0.375,-0.816496,2,3,191.25,126.385,200,76,23.5413,6.15976,0.0159252,0.445643,2.79381,13.4103,7.4949,4.63344,0.0489079,1.33091,5.40878,74,80.641,[173:391:172:392:173:392:174:391]
567,126.711,40.2376,21.2957,0.848467,0.508065,0.443779,123.245,185,48,26.2885,6.5454,0.0126754,-0.414661,2.75863,17.5132,9.27891,5.10532,0.0330431,0.720007,3.59431,181,81.4021,168.633,239,61,28.3969,6.72304,0.0109755,-0.460581,3.28363,16.7076,9.10012,5.10089,0.0335091,0.766204,3.44798,361,85.7123,130.653,175,87,16.797,5.97876,0.019052,-0.0822592,2.94239,10.3422,5.48296,4.363,0.0554265,0.605419,3.1126,170,76.455,155.59,228,83,22.8799,6.43025,0.0138815,0.108705,3.29685,10.7393,5.72158,4.44682,0.0528004,0.751043,3.4496,352,83.5754,[239:392:237:394:237:395:236:396:236:397:235:398:235:400:234:401:234:402:233:403:233:404:229:408:229:409:225:413:225:414:224:415:224:416:223:417:223:422:225:422:226:421:227:421:230:418:232:418:233:417:234:418:246:418:248:416:248:415:250:413:250:411:251:410:251:409:252:408:252:407:256:403:256:402:257:401:257:400:258:399:258:396:257:395:257:394:256:394:255:393:253:393:251:395:251:397:250:398:250:399:246:403:242:399:242:393:241:392]
894,138.468,49.6173,24.5085,0.86949,0.559099,0.585933,111.968,241,38,38.964,7.05179,0.00869329,0.706701,3.1812,23.0459,13.7644,5.58193,0.025164,1.01117,3.90893,256,73.0201,179.485,255,60,34.7399,6.9683,0.00903963,0.0947915,2.55822,19.7126,11.7597,5.39984,0.0276211,0.961982,4.24275,386,81.7525,124.672,214,74,26.0024,6.46544,0.0136931,1.00977,3.91565,13.2606,8.40117,4.83319,0.0421903,1.28249,4.9417,247,70.453,167.38,253,109,31.0748,6.73996,0.0109864,0.742203,2.81977,11.6154,7.28153,4.67883,0.0469559,1.25916,5.07546,352,74.5515,[33:397:30:400:30:401:29:402:29:408:31:410:31:414:30:415:30:418:31:419:36:419:40:423:40:427:41:428:41:430:42:431:42:432:44:434:45:434:46:435:58:435:59:434:60:434:61:433:62:433:63:432:66:432:67:431:69:431:69:429:66:429:61:424:61:422:58:419:58:418:52:412:52:410:53:409:53:407:54:406:54:405:51:402:50:402:49:401:48:401:46:399:45:399:44:398:40:398:39:397]
3258,427.546,99.0081,56.8961,0.818391,0.507003,0.223973,135.543,228,42,32.3207,7.01789,0.00890532,-0.0199923,2.79061,18.3699,10.0272,5.25255,0.0302688,0.827371,3.85344,1061,83.0433,177.733,254,78,27.6616,6.78823,0.0104181,-0.138235,2.91597,16.7306,10.1206,5.19987,0.0317046,0.954622,3.81897,986,88.314,142.827,214,67,23.6845,6.57675,0.0121297,0.0262854,2.81553,12.1102,6.72994,4.67308,0.0453309,0.826594,3.58877,1005,78.6602,170.475,228,101,21.2319,6.4053,0.01354,0.155893,2.80198,11.2125,6.75057,4.63015,0.0468464,0.930493,3.81924,926,82.9399,[418:398:417:399:415:399:414:400:413:400:411:402:411:403:408:406:408:407:407:408:407:410:406:411:406:413:407:414:407:415:408:416:408:418:409:419:409:420:408:421:408:422:407:423:407:424:406:425:406:426:405:427:405:428:406:429:406:430:408:432:408:434:409:435:409:442:410:443:410:444:412:446:413:446:414:447:417:447:419:449:419:461:420:462:420:464:425:469:426:469:429:472:429:473:431:475:432:475:437:480:437:481:438:482:438:483:440:485:440:486:441:487:441:488:442:489:442:495:440:497:440:498:439:499:452:499:450:497:450:496:448:494:448:493:446:491:446:490:445:489:445:488:444:487:444:486:443:485:443:481:442:480:442:479:436:473:436:471:435:470:435:469:436:468:436:467:435:466:435:465:434:464:434:463:433:462:433:461:432:460:434:458:436:458:437:459:438:459:440:461:440:462:441:463:441:465:440:466:441:467:441:469:443:471:445:471:446:470:447:471:449:471:450:472:453:472:456:469:457:469:460:472:460:473:461:474:461:475:462:475:462:462:461:461:461:459:460:458:460:457:458:455:457:455:453:451:453:450:452:449:452:448:451:447:451:446:449:444:449:443:447:441:447:440:446:439:446:437:445:436:445:434:443:432:442:432:441:431:438:431:434:427:434:424:436:422:440:422:441:423:445:423:446:422:448:422:449:421:450:421:451:420:454:420:455:421:457:421:458:422:459:422:460:423:461:423:462:424:465:424:465:421:464:420:463:420:458:415:458:413:459:412:459:411:460:410:460:408:462:406:463:406:465:404:466:404:466:403:467:402:467:401:466:400:460:400:459:399:457:399:456:398:448:398:447:399:445:399:444:400:442:400:441:401:439:401:438:400:431:400:430:401:426:401:425:400:424:400:423:399:421:399:420:398]
213,66.0416,25.5742,12.0704,0.881612,0.655385,0.613697,123.676,190,60,20.8712,6.03137,0.0176552,0.154663,3.38146,19.8216,11.7456,5.22034,0.0322908,1.21548,5.31205,57,68.2394,193.606,255,60,42.6632,6.97841,0.00949246,-0.862177,3.09753,19.9156,14.3022,5.51859,0.0251983,0.813732,3.25417,199,75.1778,127.77,170,107,10.896,5.12577,0.0348917,0.670611,3.71131,10.2676,7.1797,4.3991,0.0583438,1.23048,4.02671,35,41.9014,182.917,248,97,34.121,6.86208,0.00988752,-0.385691,2.39352,13.8296,8.10061,4.89927,0.0369492,0.434871,2.43204,180,68,[110:407:109:408:108:408:106:410:106:412:105:413:105:417:107:419:125:419:126:418:128:418:128:417:129:416:128:415:128:414:120:414:118:412:118:411:115:408:113:408:112:407]
294,75.8406,30.4421,12.6078,0.910205,0.538462,0.642323,103.024,216,40,29.5946,6.41063,0.0135592,0.581834,4.0437,20.4252,12.8373,5.37906,0.0291314,0.988122,3.71971,80,69.3878,161.957,234,69,27.6904,6.67875,0.0112887,-0.382668,2.88742,18.525,10.2521,5.24779,0.0297535,0.723033,3.46623,251,86.6103,117.929,170,77,17.0722,5.9051,0.0196909,0.196916,2.95039,9.89796,5.40186,4.31926,0.057129,0.669078,2.95746,88,76.3265,145.919,183,93,14.1533,5.76638,0.0215648,-0.37543,3.11357,9.72801,5.49232,4.34794,0.0555353,0.641015,2.75042,252,86.9553,[262:408:261:409:260:409:255:414:255:415:254:416:254:418:250:422:250:423:249:424:249:425:248:426:248:429:247:430:247:431:249:433:250:433:252:431:254:431:255:430:257:430:262:425:263:425:264:424:264:422:265:421:265:417:266:416:266:415:267:414:267:409:266:409:265:408]
2,4.82843,2.3094,1.1547,0.866025,1,1.07802,198,222,174,24,1,0.5,0,1,16.5,3.5,1,0.5,0,1,0,0,172.684,226,104,28.5092,6.33736,0.0146849,-0.351976,2.32757,17.3585,9.53315,5.02453,0.0349769,0.594031,2.83753,69,82.9953,187,196,178,9,1,0.5,0,1,12.5,6.5,1,0.5,0,1,0,0,170.892,212,120,22.4067,6.08088,0.0164204,-0.15634,2.06419,13.6745,6.99209,4.65018,0.0442773,0.311998,2.24461,67,80.5896,[462:410:463:410]
612,155.782,53.2049,23.2219,0.899723,0.418605,0.316904,98.3856,236,25,38.6751,6.95929,0.00900829,0.172197,2.24548,19.7565,13.746,5.43848,0.0278098,1.42602,5.52592,174,72.5,178.539,255,97,36.0899,6.99559,0.0086247,0.175606,2.06376,21.1043,13.1898,5.50276,0.0256706,1.16437,5.14373,329,81.058,117.407,187,69,24.2107,6.35557,0.0134991,-0.123546,2.02095,11.3856,8.49423,4.70457,0.0477594,1.66375,6.81741,162,67.5,167.962,242,102,29.3009,6.62347,0.011625,0.572725,2.55435,12.9401,7.65313,4.80176,0.0411109,0.754844,3.20712,307,75.6377,[8:415:7:416:6:416:5:417:4:417:4:418:0:422:0:441:1:442:2:442:4:444:8:444:9:445:10:445:12:447:12:448:13:449:16:449:21:454:21:455:23:457:28:457:29:456:30:456:33:453:33:450:32:449:32:447:28:443:28:442:27:441:27:440:26:439:26:438:25:437:21:437:19:435:18:435:17:434:11:434:7:438:5:438:3:436:3:434:2:433:2:429:6:425:7:425:8:424:9:424:10:423:11:423:15:419:15:416:14:415]
2,4.82843,2.3094,1.1547,0.866025,1,1.07802,111.5,117,106,5.5,1,0.5,0,1,8,1,1,0.5,0,1,0,0,146.297,246,67,41.808,6.47723,0.012816,0.513967,2.09212,19.1745,14.0579,5.32014,0.0313279,1.2301,3.98534,65,78.184,118,123,113,5,1,0.5,0,1,15.5,0.5,1,0.5,0,1,0,0,136.769,228,76,38.4198,6.43256,0.0138395,0.495113,1.88842,15.3349,11.1679,5.05319,0.0354219,0.77788,2.80823,50,60.1415,[149:415:150:415]
1120,147.439,41.8831,35.8568,0.516783,0.605733,0.647449,133.779,255,40,39.554,7.13999,0.00820632,0.506516,2.96971,20.6527,13.0719,5.47015,0.0270823,1.3244,5.45358,321,73.0848,177.503,255,33,37.1123,7.09933,0.00825379,-0.453633,3.27505,22.0934,12.8316,5.52187,0.0254317,0.95611,3.86022,411,84.3841,142.639,244,84,29.6615,6.69544,0.0118686,0.901374,3.62486,12.7937,8.31347,4.813,0.0430373,1.39921,5.85616,317,72.1741,161.2,221,76,26.4992,6.64502,0.0111956,-0.196175,2.61658,12.8535,6.97565,4.71365,0.0437829,0.748511,3.20623,362,74.3237,[108:425:107:426:104:426:99:431:99:432:97:434:97:436:96:437:96:439:95:440:95:442:90:447:90:448:89:449:89:450:88:451:88:453:89:454:90:454:92:452:94:452:96:454:96:457:97:458:97:460:98:461:100:461:101:460:103:460:104:459:106:459:109:462:109:463:110:464:110:465:111:466:112:466:113:467:114:467:115:466:116:466:121:461:121:458:122:457:122:456:124:454:124:452:125:451:125:447:124:446:124:442:128:438:128:437:129:436:129:435:130:434:130:433:129:432:128:432:127:431:124:431:121:428:120:428:119:427:117:427:116:426:113:426:112:425]
2608,400.818,71.8912,64.2283,0.449242,0.551958,0.203996,128.171,245,31,33.0375,7.01727,0.0090222,0.218248,2.94379,19.7569,11.4875,5.40841,0.0274345,0.957822,4.18575,846,82.7186,166.366,255,54,37.603,7.19314,0.00788479,-0.118659,2.69968,18.6898,11.1516,5.32568,0.0295225,1.17465,5.15128,758,85.0374,137.147,227,59,23.6897,6.55028,0.0123387,0.217152,3.01728,12.1741,7.42284,4.7324,0.0446014,1.25836,5.3656,786,76.852,159.257,252,85,28.6337,6.82069,0.0103139,0.17431,2.83075,12.1953,6.71208,4.65415,0.0468235,1.02558,4.81098,693,77.7453,[337:437:333:441:332:441:331:442:328:442:327:441:319:441:315:445:314:445:313:446:310:446:309:447:308:447:307:448:305:448:304:449:301:449:300:450:298:450:297:451:296:451:295:452:295:453:294:454:294:455:295:456:295:458:296:459:296:460:296:457:298:455:299:455:300:454:303:454:305:456:307:456:310:459:310:460:311:461:311:462:312:463:311:464:311:465:307:469:307:470:305:472:303:472:301:470:301:469:300:468:300:470:301:471:300:472:300:480:302:482:302:489:303:490:304:490:305:491:307:491:315:499:319:499:319:497:317:495:317:493:318:492:318:490:319:489:319:488:322:485:322:484:323:483:323:481:324:480:324:478:326:476:328:476:330:478:330:480:329:481:329:484:332:487:332:489:331:490:331:492:330:493:330:495:326:499:343:499:348:494:349:494:351:496:350:497:350:498:349:499:355:499:355:492:354:491:354:483:352:481:352:478:351:477:351:475:350:474:350:472:348:470:347:470:341:464:340:464:339:463:337:463:336:462:334:462:333:461:332:461:331:460:330:460:329:459:328:459:326:457:326:456:325:455:325:454:327:452:332:452:333:453:335:453:336:454:339:454:340:455:341:455:342:454:345:454:346:455:349:455:350:456:351:456:352:457:356:457:357:458:358:458:359:457:361:457:362:456:363:456:364:455:365:455:367:453:368:453:368:452:367:451:367:448:366:447:366:445:361:440:360:441:359:441:358:442:357:442:356:443:355:443:354:444:353:444:351:442:350:442:349:441:348:441:347:440:346:440:345:439:344:439:343:438:341:438:340:437]
101,58.7279,26.6653,5.6871,0.976992,0.647436,0.367995,132.762,182,85,20.3947,5.62812,0.0226448,0.0343811,3.04331,17.8911,10.7288,4.9584,0.0375454,1.18721,4.53596,29,73.2178,184.224,251,107,24.0089,6.26861,0.0152017,-0.274512,3.20236,16.059,9.96318,5.08136,0.0341713,1.04604,4.48407,114,85.7522,143.04,189,105,13.596,5.03496,0.0367611,-0.586894,4.0389,10.4554,9.08543,4.37304,0.063033,1.4524,4.13179,34,85.8416,177.879,226,131,19.6472,6.11339,0.0167158,-0.137542,2.43687,12.2891,6.90126,4.69081,0.0434994,0.592983,2.85018,103,77.4779,[496:437:494:439:494:444:495:445:495:448:496:449:496:451:497:452:497:454:498:455:498:461:499:462:499:437]
1,2.82843,1.1547,1.1547,0,1,1.5708,162,162,162,0,-0,1,0,0,17,0,-0,1,0,0,1,255,152.673,212,83,23.951,6.16517,0.0161391,-0.259862,2.90652,16.0306,9.09693,4.87373,0.0408163,0.983042,3.6669,73,94.9745,188,188,188,0,-0,1,0,0,20,0,-0,1,0,0,0,0,151.046,197,99,19.3737,5.88979,0.0199917,0.0819205,2.5702,13.9235,7.96864,4.75311,0.0422741,0.466608,2.42627,76,98.8775,[372:439]
503,118.569,47.5379,14.7367,0.950737,0.48646,0.449613,85.4036,192,26,39.0448,6.78738,0.0105648,0.489141,2.13786,21.7256,17.899,5.63384,0.0256868,1.4414,4.62566,141,71.4811,196.362,255,63,43.7747,6.98529,0.0101124,-0.702651,2.67918,17.799,14.5338,5.49219,0.0276487,1.40138,5.22427,295,71.9856,108.408,207,52,27.3548,6.47778,0.0134738,0.748818,3.49079,14.8946,12.5906,5.07105,0.037805,1.59792,5.06302,130,65.9046,184.641,252,79,44.2767,6.95505,0.010649,-0.095273,1.88512,11.6172,9.17042,4.8765,0.0423131,1.42782,5.37655,260,63.445,[134:443:134:444:133:445:133:450:131:452:131:453:130:454:130:457:129:458:129:459:128:460:128:462:127:463:127:469:125:471:125:477:123:479:123:480:122:481:122:485:123:486:123:487:125:489:128:489:129:488:130:488:131:487:131:481:135:477:135:476:136:475:136:474:137:473:137:471:139:469:139:468:141:466:141:465:142:464:142:462:143:461:143:456:142:455:142:454:140:452:139:452:136:449:136:446:138:444:136:444:135:443]
342,89.397,38.1066,11.6164,0.952404,0.4275,0.537762,143.348,224,79,27.7228,6.48424,0.0132006,0.261462,2.92221,19.5263,11.7373,5.32527,0.0284874,0.773525,3.35528,116,86.4912,173.737,254,103,27.732,6.67824,0.0116183,0.354595,2.87624,17.9809,10.8442,5.26206,0.030365,0.998115,4.00142,296,90.2871,146.585,204,108,19.9,6.08049,0.0172703,0.459352,2.59134,12.5263,5.97981,4.52765,0.048562,0.4458,3.01212,111,82.7632,155.218,204,100,18.4318,6.13454,0.0162027,0.231076,2.65776,10.4605,5.56623,4.38647,0.0540481,0.711651,3.41635,292,89.067,[252:453:250:455:249:455:246:458:245:458:242:461:242:462:241:463:241:464:240:465:240:466:238:468:238:469:237:470:237:471:236:472:236:473:235:474:235:475:234:476:234:477:233:478:233:479:232:480:232:483:233:484:235:484:239:480:240:480:242:478:243:478:249:472:249:471:251:469:251:467:252:466:252:465:253:464:253:463:254:462:254:461:255:460:255:458:256:457:256:455:254:453]
988,209.338,50.6119,38.3001,0.653714,0.382946,0.283315,123.808,227,48,30.3149,6.8296,0.0100047,0.222154,2.78651,19.1113,11.0059,5.28706,0.0298296,1.16268,5.65002,307,79.2358,155.53,255,47,33.0737,6.92067,0.00966149,-0.287117,3.1065,18.5712,11.0144,5.27434,0.0310096,1.10703,4.52326,348,84.7564,131.112,194,80,19.9186,6.27332,0.0152396,0.0213748,2.9638,11.4818,6.50838,4.58198,0.0495931,0.998146,4.4357,304,78.4615,148.138,229,82,21.236,6.3443,0.0142172,0.00431642,3.10647,10.8625,5.99731,4.48482,0.0517356,0.810576,3.39192,338,82.3209,[292:457:287:462:288:463:288:464:287:465:287:468:285:470:285:471:283:473:283:474:282:475:282:476:280:478:280:479:276:483:273:483:272:482:270:482:269:481:267:483:267:489:266:490:266:491:263:494:261:494:260:493:259:493:258:494:257:494:254:497:254:498:253:499:270:499:270:498:271:497:271:494:276:489:277:489:278:488:280:490:280:491:278:493:278:494:276:496:276:497:275:498:275:499:312:499:307:494:305:494:304:493:303:493:302:492:301:492:299:490:299:482:297:480:297:472:298:471:297:470:297:468:296:467:296:466:295:465:295:463:294:462:294:461:293:460:293:459:292:458]
1,2.82843,1.1547,1.1547,0,1,1.5708,169,169,169,0,-0,1,0,0,13,0,-0,1,0,0,0,0,164.908,225,72,31.7325,6.34259,0.0145773,-0.708403,3.08329,18.5051,11.5208,5.15647,0.0335277,1.02218,3.64717,65,84.5663,177,177,177,0,-0,1,0,0,16,0,-0,1,0,0,0,0,152.755,185,104,19.1176,5.90369,0.0186901,-0.461511,2.50239,10.0153,4.90572,4.2019,0.0644523,0.677112,3.07949,64,83.2653,[286:461]
1,2.82843,1.1547,1.1547,0,1,1.5708,145,145,145,0,-0,1,0,0,24,0,-0,1,0,0,1,255,143.204,229,66,34.7668,6.54949,0.0128592,0.118161,2.58254,22.8061,10.4483,5.21973,0.0299875,0.491284,2.93722,62,80.6633,128,128,128,0,-0,1,0,0,20,0,-0,1,0,0,1,255,142.413,213,98,23.9122,6.12106,0.0163474,0.468273,2.9931,12.4745,5.5277,4.35588,0.0566951,0.452597,3.06491,61,79.3622,[298:465]
1454,162.569,59.8719,32.0074,0.845107,0.74679,0.691355,125.977,255,35,36.3009,7.07745,0.00872611,0.578833,3.2729,20.2992,10.9591,5.36943,0.0282189,0.827803,3.69898,465,81.5509,173.637,255,98,27.7357,6.70609,0.0110522,0.252056,2.72464,17.9458,9.26636,5.14291,0.0319377,0.552601,3.06536,323,91.1117,133.565,229,73,23.8255,6.50454,0.0135196,0.537644,3.66604,11.3858,6.4901,4.60432,0.0469435,0.7846,3.41773,458,80.3232,159.623,240,104,22.6114,6.38077,0.0140208,0.617367,3.31408,11.4303,6.57627,4.58424,0.0490348,0.89584,3.83365,294,82.9314,[62:467:60:469:59:469:58:470:57:470:56:471:49:471:48:472:43:472:42:471:41:471:40:472:39:472:37:474:36:474:32:478:31:478:31:479:26:484:26:486:25:487:25:488:24:489:24:490:23:491:23:496:22:497:22:498:21:499:72:499:72:497:73:496:73:492:74:491:74:490:75:489:75:488:76:487:76:486:77:485:77:483:78:482:78:480:79:479:79:476:78:475:78:474:75:471:74:471:72:469:71:469:70:468:67:468:66:467]
1,2.82843,1.1547,1.1547,0,1,1.5708,111,111,111,0,-0,1,0,0,15,0,-0,1,0,0,1,255,145.179,227,78,33.5653,6.51042,0.012651,0.205388,2.531,22.9592,10.5074,5.24191,0.0298834,0.473907,2.84646,63,81.9643,105,105,105,0,-0,1,0,0,7,0,-0,1,0,0,1,255,143.434,207,98,21.4536,6.10226,0.0167638,0.38683,3.12013,12.5255,5.56816,4.30145,0.0600791,0.617022,3.4064,64,83.2653,[299:467]
270,75.799,28.7178,13.3857,0.884725,0.649038,0.590537,103.889,192,43,35.943,6.65899,0.0113306,0.500122,2.27682,18.0741,11.1655,5.27346,0.0300137,0.777395,3.13891,76,71.7778,172.713,255,110,31.3908,6.47461,0.0135333,0.185097,2.36546,23.52,13.7955,5.54026,0.0246444,0.606543,2.89702,107,90.95,120.285,184,63,29.1683,6.28562,0.0151166,0.325256,1.99609,12.6148,7.56697,4.70143,0.0450754,0.823989,3.24868,74,69.8889,168.653,219,119,21.1241,6.16114,0.0159333,0.0482158,2.43031,14.12,6.8546,4.64395,0.0448222,0.433584,2.50543,104,88.4,[498:474:497:475:496:475:495:476:494:476:492:478:492:479:491:480:491:485:490:486:490:487:487:490:487:494:486:495:486:497:484:499:499:499:499:474]
97,37.799,14.2595,8.7338,0.790479,0.734848,0.853142,126.701,188,80,19.329,5.59998,0.0239133,0.282864,3.45436,16.2474,11.4153,4.84873,0.0430439,1.63354,6.28178,29,76.2371,174.667,255,101,32.0044,6.72017,0.0112442,0.288665,2.91849,18.3463,11.94,5.29345,0.0303686,1.1743,4.62566,153,84.4481,134.247,192,109,17.1489,5.39379,0.0268891,1.10298,4.41098,12.6082,9.81326,4.50098,0.0515464,1.23449,3.95437,28,73.6082,164.015,255,112,25.0801,6.30545,0.0151328,1.05052,4.69558,12.9026,9.16428,4.80513,0.0442458,1.52456,5.79023,154,85,[181:481:180:482:179:482:175:486:175:491:176:492:179:492:180:491:181:491:184:488:184:487:185:486:185:482:184:481]
103,62.0416,22.5913,8.99326,0.917348,0.417004,0.336264,147.252,193,101,19.9799,5.59874,0.0238477,-0.11881,2.26391,15.1748,8.65793,4.65771,0.0459044,1.02649,4.29009,31,76.7476,170.888,253,102,27.5637,6.55553,0.0120329,0.321393,2.51014,17.4601,10.3586,5.11448,0.0343761,1.22857,5.22786,151,87.7107,154.874,197,103,17.7691,5.49079,0.0266755,-0.526574,3.49045,11.0874,5.98559,4.29452,0.061363,0.986123,4.04057,38,94.0777,168.604,218,114,21.1325,6.24047,0.0153019,-0.000762058,2.53103,12.7882,6.19341,4.58536,0.0461652,0.29938,2.5278,134,77.836,[475:481:473:483:473:485:472:486:472:490:471:491:472:492:472:495:473:496:473:497:471:499:470:499:482:499:481:498:479:498:478:497:477:497:475:495:475:492:476:491:476:489:477:488:477:483:476:482:476:481]
279,73.1127,27.5308,13.3293,0.87498,0.711735,0.655886,133.842,211,74,25.9113,6.30812,0.0145553,0.437804,3.43329,18.2115,10.7508,5.18853,0.0310762,0.87424,3.41375,100,91.3979,175.27,255,76,36.9227,6.88435,0.0100104,0.081701,2.66255,21.7277,15.0798,5.52956,0.0263859,1.33849,4.77887,147,81.6667,132.627,188,92,16.6043,5.79109,0.0218779,0.632706,3.65184,10.1577,6.32259,4.46622,0.0516566,0.85348,3.21347,89,81.3441,157.664,255,110,26.1969,6.34138,0.0150132,1.00568,4.11663,13.4161,7.97785,4.79544,0.0421253,0.870342,3.42111,148,82.2222,[200:486:199:487:198:487:197:488:196:488:195:489:194:489:190:493:189:493:188:494:188:495:187:496:187:498:186:499:208:499:207:498:211:494:211:493:213:491:213:489:211:487:204:487:203:486]
98,42.0416,15.5687,8.804,0.824753,0.579882,0.69675,141.898,190,94,21.4721,5.67182,0.0226989,-0.07285,2.52054,14.2041,6.94286,4.51076,0.0487297,0.747709,3.53776,28,72.8571,163.964,235,103,24.8862,6.43382,0.013387,-0.107408,2.70988,16.5469,8.63393,4.99006,0.0358751,0.629802,3.00814,140,92.9688,151.408,184,117,16.3762,5.41879,0.0268638,-0.16457,2.29554,8.64286,4.41068,3.99771,0.0712203,0.583918,2.94676,34,88.4694,157.359,196,104,17.3936,5.90769,0.0195177,-0.632041,3.40148,9.74479,4.75465,4.17666,0.0659994,0.744777,3.85902,144,95.625,[426:487:424:489:424:491:425:492:426:492:427:493:428:493:432:497:432:498:433:499:434:499:435:498:435:495:436:494:435:493:435:491:434:490:434:489:433:488:432:488:431:487]
54,34.3848,14.3615,5.1412,0.933728,0.519231,0.573946,114,164,71,20.3497,5.04628,0.0342935,0.346873,2.65398,27.463,18.2855,4.87508,0.0384088,0.980379,3.29896,13,61.3889,174.068,255,74,46.6709,6.81791,0.00984693,0.025243,2.01758,26.7464,16.8969,5.70375,0.0231122,0.981873,3.3646,100,91.0714,130.704,181,110,16.0838,4.97221,0.0356653,1.27414,4.16729,16.7037,10.9538,4.48888,0.0576132,1.26086,4.28816,16,75.5556,158.621,241,92,29.3335,6.42837,0.0138265,0.536526,2.82446,13.3214,8.00827,4.71291,0.0452551,1.15913,4.49279,100,91.0714,[220:492:219:493:218:493:216:495:215:495:212:498:211:498:210:499:217:499:219:497:220:497:222:495:222:492]
2,4.82843,2.3094,1.1547,0.866025,1,1.07802,154,157,151,3,1,0.5,0,1,14.5,0.5,1,0.5,0,1,0,0,189.149,255,128,42.3445,5.97952,0.0175439,0.0765098,1.54009,23.193,15.7262,5.23971,0.0307787,0.906008,3.13234,39,87.2368,146.5,153,140,6.5,1,0.5,0,1,12.5,1.5,1,0.5,0,1,0,0,173.5,255,113,39.5595,5.92369,0.018775,0.508595,1.93147,18.4912,12.8843,5.05642,0.0364728,0.636915,2.67509,35,78.2895,[183:499:184:499]
1,2.82843,1.1547,1.1547,0,1,1.5708,174,174,174,0,-0,1,0,0,5,0,-0,1,0,0,0,0,176.792,223,104,26.9015,5.88836,0.0194019,-0.502551,2.67141,15.0755,6.88545,4.55247,0.0489498,0.465004,2.71598,39,93.8208,180,180,180,0,-0,1,0,0,5,0,-0,1,0,0,0,0,168.811,210,112,21.8874,5.57591,0.0243859,-0.590979,2.53684,10.1887,4.36347,4.0369,0.0653257,0.24583,2.42219,42,101.038,[454:499]
